timestamp,date,hour,park,ride,ride_slug,wait_minutes,status,has_lightning_lane,source
2026-03-04 03:18:22,2026-03-03,22,mk,Tomorrowland Speedway,tomorrowland-speedway,,closed,False,themeparks_wiki
2026-03-04 03:18:22,2026-03-03,22,mk,Enchanted Tales with Belle,enchanted-tales-with-belle,,closed,False,themeparks_wiki
2026-03-04 03:18:22,2026-03-03,22,mk,Casey Jr. Splash 'N' Soak Station,casey-jr-splash-n-soak-station,,operating,False,themeparks_wiki
2026-03-04 03:18:22,2026-03-03,22,mk,Dumbo the Flying Elephant,dumbo-the-flying-elephant,,closed,False,themeparks_wiki
2026-03-04 03:18:22,2026-03-03,22,mk,The Barnstormer,the-barnstormer,,closed,False,themeparks_wiki
2026-03-04 03:18:22,2026-03-03,22,mk,"""it's a small world""",its-a-small-world,,closed,False,themeparks_wiki
2026-03-04 03:18:22,2026-03-03,22,mk,Prince Charming Regal Carrousel,prince-charming-regal-carrousel,,closed,False,themeparks_wiki
2026-03-04 03:18:22,2026-03-03,22,mk,Haunted Mansion,haunted-mansion,,closed,False,themeparks_wiki
2026-03-04 03:18:22,2026-03-03,22,mk,Tomorrowland Transit Authority PeopleMover,tomorrowland-transit-authority-peoplemover,,closed,False,themeparks_wiki
2026-03-04 03:18:22,2026-03-03,22,mk,The Many Adventures of Winnie the Pooh,the-many-adventures-of-winnie-the-pooh,,closed,False,themeparks_wiki
2026-03-04 03:18:22,2026-03-03,22,mk,Seven Dwarfs Mine Train,seven-dwarfs-mine-train,,closed,True,themeparks_wiki
2026-03-04 03:18:22,2026-03-03,22,mk,Big Thunder Mountain Railroad,big-thunder-mountain-railroad,,refurbishment,False,themeparks_wiki
2026-03-04 03:18:22,2026-03-03,22,mk,Peter Pan's Flight,peter-pans-flight,,closed,False,themeparks_wiki
2026-03-04 03:18:22,2026-03-03,22,mk,Jungle Cruise,jungle-cruise,,closed,False,themeparks_wiki
2026-03-04 03:18:22,2026-03-03,22,mk,The Magic Carpets of Aladdin,the-magic-carpets-of-aladdin,,closed,False,themeparks_wiki
2026-03-04 03:18:22,2026-03-03,22,mk,Cinderella Castle,cinderella-castle,,operating,False,themeparks_wiki
2026-03-04 03:18:22,2026-03-03,22,mk,Main Street Vehicles,main-street-vehicles,,closed,False,themeparks_wiki
2026-03-04 03:18:22,2026-03-03,22,mk,Tiana's Bayou Adventure,tianas-bayou-adventure,,closed,False,themeparks_wiki
2026-03-04 03:18:22,2026-03-03,22,mk,Mickey's PhilharMagic,mickeys-philharmagic,,closed,False,themeparks_wiki
2026-03-04 03:18:22,2026-03-03,22,mk,A Pirate's Adventure ~ Treasures of the Seven Seas,a-pirates-adventure-treasures-of-the-seven-seas,,closed,False,themeparks_wiki
2026-03-04 03:18:22,2026-03-03,22,mk,Astro Orbiter,astro-orbiter,,closed,False,themeparks_wiki
2026-03-04 03:18:22,2026-03-03,22,mk,Walt Disney's Carousel of Progress,walt-disneys-carousel-of-progress,,closed,False,themeparks_wiki
2026-03-04 03:18:22,2026-03-03,22,mk,Walt Disney World Railroad - Fantasyland,walt-disney-world-railroad-fantasyland,,closed,False,themeparks_wiki
2026-03-04 03:18:22,2026-03-03,22,mk,Mad Tea Party,mad-tea-party,,closed,False,themeparks_wiki
2026-03-04 03:18:22,2026-03-03,22,mk,Buzz Lightyear's Space Ranger Spin,buzz-lightyears-space-ranger-spin,,refurbishment,False,themeparks_wiki
2026-03-04 03:18:22,2026-03-03,22,mk,Pirates of the Caribbean,pirates-of-the-caribbean,,closed,False,themeparks_wiki
2026-03-04 03:18:22,2026-03-03,22,mk,Country Bear Musical Jamboree,country-bear-musical-jamboree,,closed,False,themeparks_wiki
2026-03-04 03:18:22,2026-03-03,22,mk,Under the Sea - Journey of The Little Mermaid,under-the-sea-journey-of-the-little-mermaid,,closed,False,themeparks_wiki
2026-03-04 03:18:22,2026-03-03,22,mk,"Walt Disney World Railroad - Main Street, U.S.A.",walt-disney-world-railroad-main-street-u-s-a,,closed,False,themeparks_wiki
2026-03-04 03:18:22,2026-03-03,22,mk,Swiss Family Treehouse,swiss-family-treehouse,,closed,False,themeparks_wiki
2026-03-04 03:18:22,2026-03-03,22,mk,The Hall of Presidents,the-hall-of-presidents,,closed,False,themeparks_wiki
2026-03-04 03:18:22,2026-03-03,22,mk,Space Mountain,space-mountain,,closed,False,themeparks_wiki
2026-03-04 03:18:22,2026-03-03,22,mk,Monsters Inc. Laugh Floor,monsters-inc-laugh-floor,,closed,False,themeparks_wiki
2026-03-04 03:18:22,2026-03-03,22,mk,Walt Disney's Enchanted Tiki Room,walt-disneys-enchanted-tiki-room,,closed,False,themeparks_wiki
2026-03-04 03:18:22,2026-03-03,22,mk,TRON Lightcycle / Run,tron-lightcycle-run,,closed,True,themeparks_wiki
2026-03-04 03:18:22,2026-03-03,22,epcot,American Heritage Gallery,american-heritage-gallery,0.0,operating,False,queue_times
2026-03-04 03:18:22,2026-03-03,22,epcot,Kidcot Fun Stops,kidcot-fun-stops,0.0,operating,False,queue_times
2026-03-04 03:18:22,2026-03-03,22,epcot,Palais du Cinéma,palais-du-cin-ma,0.0,operating,False,queue_times
2026-03-04 03:18:22,2026-03-03,22,epcot,"ImageWorks - The ""What If"" Labs",imageworks-the-what-if-labs,0.0,operating,False,queue_times
2026-03-04 03:18:22,2026-03-03,22,epcot,Bijutsu-kan Gallery,bijutsu-kan-gallery,0.0,operating,False,queue_times
2026-03-04 03:18:22,2026-03-03,22,epcot,Disney and Pixar Short Film Festival,disney-and-pixar-short-film-festival,,closed,False,queue_times
2026-03-04 03:18:22,2026-03-03,22,epcot,Journey Into Imagination With Figment,journey-into-imagination-with-figment,,closed,False,queue_times
2026-03-04 03:18:22,2026-03-03,22,epcot,Meet Beloved Disney Pals at Mickey & Friends,meet-beloved-disney-pals-at-mickey-friends,,closed,False,queue_times
2026-03-04 03:18:22,2026-03-03,22,epcot,Project Tomorrow: Inventing the Wonders of the Future,project-tomorrow-inventing-the-wonders-of-the-future,0.0,operating,False,queue_times
2026-03-04 03:18:22,2026-03-03,22,epcot,Spaceship Earth,spaceship-earth,,closed,False,queue_times
2026-03-04 03:18:22,2026-03-03,22,epcot,Advanced Training Lab,advanced-training-lab,0.0,operating,False,queue_times
2026-03-04 03:18:22,2026-03-03,22,epcot,Guardians of the Galaxy: Cosmic Rewind,guardians-of-the-galaxy-cosmic-rewind,,closed,False,queue_times
2026-03-04 03:18:22,2026-03-03,22,epcot,Mission: SPACE,mission-space,,closed,False,queue_times
2026-03-04 03:18:22,2026-03-03,22,epcot,Test Track,test-track,,closed,False,queue_times
2026-03-04 03:18:22,2026-03-03,22,epcot,Test Track Presented by Chevrolet Single Rider,test-track-presented-by-chevrolet-single-rider,,closed,False,queue_times
2026-03-04 03:18:22,2026-03-03,22,epcot,Awesome Planet,awesome-planet,,closed,False,queue_times
2026-03-04 03:18:22,2026-03-03,22,epcot,Bruce's Shark World,bruces-shark-world,0.0,operating,False,queue_times
2026-03-04 03:18:22,2026-03-03,22,epcot,"Journey of Water, Inspired by Moana",journey-of-water-inspired-by-moana,,closed,False,queue_times
2026-03-04 03:18:22,2026-03-03,22,epcot,Living with the Land,living-with-the-land,,closed,False,queue_times
2026-03-04 03:18:22,2026-03-03,22,epcot,SeaBase Aquarium,seabase-aquarium,0.0,operating,False,queue_times
2026-03-04 03:18:22,2026-03-03,22,epcot,Soarin' Around the World,soarin-around-the-world,,closed,False,queue_times
2026-03-04 03:18:22,2026-03-03,22,epcot,The Seas with Nemo & Friends,the-seas-with-nemo-friends,,closed,False,queue_times
2026-03-04 03:18:22,2026-03-03,22,epcot,Turtle Talk With Crush,turtle-talk-with-crush,,closed,False,queue_times
2026-03-04 03:18:22,2026-03-03,22,epcot,Canada Far and Wide in Circle-Vision 360,canada-far-and-wide-in-circle-vision-360,,closed,False,queue_times
2026-03-04 03:18:22,2026-03-03,22,epcot,Frozen Ever After,frozen-ever-after,,closed,False,queue_times
2026-03-04 03:18:22,2026-03-03,22,epcot,Gallery of Arts and History,gallery-of-arts-and-history,0.0,operating,False,queue_times
2026-03-04 03:18:22,2026-03-03,22,epcot,Gran Fiesta Tour Starring The Three Caballeros,gran-fiesta-tour-starring-the-three-caballeros,,closed,False,queue_times
2026-03-04 03:18:22,2026-03-03,22,epcot,House of the Whispering Willows,house-of-the-whispering-willows,0.0,operating,False,queue_times
2026-03-04 03:18:22,2026-03-03,22,epcot,Meet Anna and Elsa at Royal Sommerhus,meet-anna-and-elsa-at-royal-sommerhus,,closed,False,queue_times
2026-03-04 03:18:22,2026-03-03,22,epcot,Mexico Folk Art Gallery,mexico-folk-art-gallery,0.0,operating,False,queue_times
2026-03-04 03:18:22,2026-03-03,22,epcot,Remy's Ratatouille Adventure,remys-ratatouille-adventure,,closed,False,queue_times
2026-03-04 03:18:22,2026-03-03,22,epcot,Remy's Ratatouille Adventure Single Rider,remys-ratatouille-adventure-single-rider,,closed,False,queue_times
2026-03-04 03:18:22,2026-03-03,22,epcot,Stave Church Gallery,stave-church-gallery,0.0,operating,False,queue_times
2026-03-04 03:18:22,2026-03-03,22,hs,Meet Ariel at Walt Disney Presents,meet-ariel-at-walt-disney-presents,,closed,False,queue_times
2026-03-04 03:18:22,2026-03-03,22,hs,The Little Mermaid – A Musical Adventure – New!,the-little-mermaid-a-musical-adventure-new,0.0,operating,False,queue_times
2026-03-04 03:18:22,2026-03-03,22,hs,Walt Disney Presents,walt-disney-presents,,closed,False,queue_times
2026-03-04 03:18:22,2026-03-03,22,hs,Meet Disney Stars at Red Carpet Dreams,meet-disney-stars-at-red-carpet-dreams,,closed,False,queue_times
2026-03-04 03:18:22,2026-03-03,22,hs,For the First Time in Forever: A Frozen Sing-Along Celebration,for-the-first-time-in-forever-a-frozen-sing-along-celebration,0.0,operating,False,queue_times
2026-03-04 03:18:22,2026-03-03,22,hs,Indiana Jones™ Epic Stunt Spectacular!,indiana-jones-epic-stunt-spectacular,0.0,operating,False,queue_times
2026-03-04 03:18:22,2026-03-03,22,hs,Meet Olaf at Celebrity Spotlight,meet-olaf-at-celebrity-spotlight,,closed,False,queue_times
2026-03-04 03:18:22,2026-03-03,22,hs,Star Tours – The Adventures Continue,star-tours-the-adventures-continue,,closed,False,queue_times
2026-03-04 03:18:22,2026-03-03,22,hs,Vacation Fun - An Original Animated Short with Mickey & Minnie,vacation-fun-an-original-animated-short-with-mickey-minnie,,closed,False,queue_times
2026-03-04 03:18:22,2026-03-03,22,hs,Mickey & Minnie's Runaway Railway,mickey-minnies-runaway-railway,,closed,False,queue_times
2026-03-04 03:18:22,2026-03-03,22,hs,Meet Edna Mode at the Edna Mode Experience,meet-edna-mode-at-the-edna-mode-experience,,closed,False,queue_times
2026-03-04 03:18:22,2026-03-03,22,hs,Toy Story Mania!,toy-story-mania,,closed,False,queue_times
2026-03-04 03:18:22,2026-03-03,22,hs,Millennium Falcon: Smugglers Run,millennium-falcon-smugglers-run,,closed,False,queue_times
2026-03-04 03:18:22,2026-03-03,22,hs,Millennium Falcon: Smugglers Run Single Rider,millennium-falcon-smugglers-run-single-rider,,closed,False,queue_times
2026-03-04 03:18:22,2026-03-03,22,hs,Star Wars: Rise of the Resistance,star-wars-rise-of-the-resistance,,closed,False,queue_times
2026-03-04 03:18:22,2026-03-03,22,hs,Star Wars: Rise of the Resistance Single Rider,star-wars-rise-of-the-resistance-single-rider,,closed,False,queue_times
2026-03-04 03:18:22,2026-03-03,22,hs,Beauty and the Beast – Live on Stage,beauty-and-the-beast-live-on-stage,0.0,operating,False,queue_times
2026-03-04 03:18:22,2026-03-03,22,hs,Rock 'n' Roller Coaster Starring Aerosmith,rock-n-roller-coaster-starring-aerosmith,,closed,False,queue_times
2026-03-04 03:18:22,2026-03-03,22,hs,Rock 'n' Roller Coaster Starring Aerosmith Single Rider,rock-n-roller-coaster-starring-aerosmith-single-rider,,closed,False,queue_times
2026-03-04 03:18:22,2026-03-03,22,hs,The Twilight Zone Tower of Terror™,the-twilight-zone-tower-of-terror,,closed,False,queue_times
2026-03-04 03:18:22,2026-03-03,22,hs,Alien Swirling Saucers,alien-swirling-saucers,,closed,False,queue_times
2026-03-04 03:18:22,2026-03-03,22,hs,Slinky Dog Dash,slinky-dog-dash,,closed,False,queue_times
2026-03-04 03:18:22,2026-03-03,22,ak,Festival of the Lion King,festival-of-the-lion-king,0.0,operating,False,queue_times
2026-03-04 03:18:22,2026-03-03,22,ak,Gorilla Falls Exploration Trail,gorilla-falls-exploration-trail,,closed,False,queue_times
2026-03-04 03:18:22,2026-03-03,22,ak,Kilimanjaro Safaris,kilimanjaro-safaris,,closed,False,queue_times
2026-03-04 03:18:22,2026-03-03,22,ak,Wildlife Express Train,wildlife-express-train,,closed,False,queue_times
2026-03-04 03:18:22,2026-03-03,22,ak,Expedition Everest - Legend of the Forbidden Mountain,expedition-everest-legend-of-the-forbidden-mountain,,closed,False,queue_times
2026-03-04 03:18:22,2026-03-03,22,ak,Expedition Everest - Legend of the Forbidden Mountain Single Rider,expedition-everest-legend-of-the-forbidden-mountain-single-rider,,closed,False,queue_times
2026-03-04 03:18:22,2026-03-03,22,ak,Feathered Friends in Flight!,feathered-friends-in-flight,0.0,operating,False,queue_times
2026-03-04 03:18:22,2026-03-03,22,ak,Kali River Rapids,kali-river-rapids,,closed,False,queue_times
2026-03-04 03:18:22,2026-03-03,22,ak,DINOSAUR,dinosaur,,closed,False,queue_times
2026-03-04 03:18:22,2026-03-03,22,ak,Finding Nemo: The Big Blue... and Beyond!,finding-nemo-the-big-blue-and-beyond,0.0,operating,False,queue_times
2026-03-04 03:18:22,2026-03-03,22,ak,Discovery Island Trails,discovery-island-trails,0.0,operating,False,queue_times
2026-03-04 03:18:22,2026-03-03,22,ak,Meet Favorite Disney Pals at Adventurers Outpost,meet-favorite-disney-pals-at-adventurers-outpost,,closed,False,queue_times
2026-03-04 03:18:22,2026-03-03,22,ak,Meet Moana at Character Landing,meet-moana-at-character-landing,,closed,False,queue_times
2026-03-04 03:18:22,2026-03-03,22,ak,Tree of Life,tree-of-life,0.0,operating,False,queue_times
2026-03-04 03:18:22,2026-03-03,22,ak,Zootopia: Better Zoogether! - NEW!,zootopia-better-zoogether-new,,closed,False,queue_times
2026-03-04 03:18:22,2026-03-03,22,ak,Avatar Flight of Passage,avatar-flight-of-passage,,closed,False,queue_times
2026-03-04 03:18:22,2026-03-03,22,ak,Na'vi River Journey,navi-river-journey,,closed,False,queue_times
2026-03-04 03:18:22,2026-03-03,22,ak,Affection Section,affection-section,,closed,False,queue_times
2026-03-04 03:18:22,2026-03-03,22,ak,Animal Care at Conservation Station,animal-care-at-conservation-station,,closed,False,queue_times
2026-03-04 03:18:22,2026-03-03,22,ak,The Oasis Exhibits,the-oasis-exhibits,0.0,operating,False,queue_times
2026-03-04 03:18:22,2026-03-03,22,ak,Wilderness Explorers,wilderness-explorers,0.0,operating,False,queue_times
2026-03-04 03:18:22,2026-03-03,22,usf,Illumination Theater,illumination-theater,,closed,False,themeparks_wiki
2026-03-04 03:18:22,2026-03-03,22,usf,El Artista: A Spanish Haunting,el-artista-a-spanish-haunting,,closed,False,themeparks_wiki
2026-03-04 03:18:22,2026-03-03,22,usf,Gálkn: Monsters of the North,g-lkn-monsters-of-the-north,,closed,False,themeparks_wiki
2026-03-04 03:18:22,2026-03-03,22,usf,Dolls: Let’s Play Dead,dolls-lets-play-dead,,closed,False,themeparks_wiki
2026-03-04 03:18:22,2026-03-03,22,usf,Grave of Flesh,grave-of-flesh,,closed,False,themeparks_wiki
2026-03-04 03:18:22,2026-03-03,22,usf,Hatchet and Chains: Demon Bounty Hunters,hatchet-and-chains-demon-bounty-hunters,,closed,False,themeparks_wiki
2026-03-04 03:18:22,2026-03-03,22,usf,JASON UN1V3RSE,jason-un1v3rse,,closed,False,themeparks_wiki
2026-03-04 03:18:22,2026-03-03,22,usf,WWE Presents: The Horrors of the Wyatt Sicks,wwe-presents-the-horrors-of-the-wyatt-sicks,,closed,False,themeparks_wiki
2026-03-04 03:18:22,2026-03-03,22,usf,Terrifier,terrifier,,closed,False,themeparks_wiki
2026-03-04 03:18:22,2026-03-03,22,usf,Hogwarts™ Express - First Train,hogwarts-express-first-train,,closed,False,themeparks_wiki
2026-03-04 03:18:22,2026-03-03,22,usf,MEN IN BLACK™ Alien Attack!™,men-in-black-alien-attack,,closed,False,themeparks_wiki
2026-03-04 03:18:22,2026-03-03,22,usf,Five Nights At Freddy’s,five-nights-at-freddys,,closed,False,themeparks_wiki
2026-03-04 03:18:22,2026-03-03,22,usf,Revenge of the Mummy™,revenge-of-the-mummy,15.0,operating,False,themeparks_wiki
2026-03-04 03:18:22,2026-03-03,22,usf,Despicable Me Minion Mayhem™,despicable-me-minion-mayhem,,closed,False,themeparks_wiki
2026-03-04 03:18:22,2026-03-03,22,usf,Fallout,fallout,,closed,False,themeparks_wiki
2026-03-04 03:18:22,2026-03-03,22,usf,E.T. Adventure™,e-t-adventure,,closed,False,themeparks_wiki
2026-03-04 03:18:22,2026-03-03,22,usf,TRANSFORMERS™: The Ride-3D,transformers-the-ride-3d,15.0,operating,False,themeparks_wiki
2026-03-04 03:18:22,2026-03-03,22,usf,Illumination's Villain-Con Minion Blast,illuminations-villain-con-minion-blast,,closed,False,themeparks_wiki
2026-03-04 03:18:22,2026-03-03,22,usf,Fast & Furious - Supercharged™,fast-furious-supercharged,10.0,operating,False,themeparks_wiki
2026-03-04 03:18:22,2026-03-03,22,usf,Hollywood Rip Ride Rockit™,hollywood-rip-ride-rockit,,closed,False,themeparks_wiki
2026-03-04 03:18:22,2026-03-03,22,usf,Race Through New York Starring Jimmy Fallon™,race-through-new-york-starring-jimmy-fallon,15.0,operating,False,themeparks_wiki
2026-03-04 03:18:22,2026-03-03,22,usf,Hogwarts™ Express - King's Cross Station,hogwarts-express-kings-cross-station,,closed,False,themeparks_wiki
2026-03-04 03:18:22,2026-03-03,22,usf,Kang & Kodos' Twirl 'n' Hurl,kang-kodos-twirl-n-hurl,,closed,False,themeparks_wiki
2026-03-04 03:18:22,2026-03-03,22,usf,The Simpsons Ride™,the-simpsons-ride,,closed,False,themeparks_wiki
2026-03-04 03:18:22,2026-03-03,22,usf,Trolls Trollercoaster,trolls-trollercoaster,,closed,False,themeparks_wiki
2026-03-04 03:18:22,2026-03-03,22,usf,Harry Potter and the Escape from Gringotts™,harry-potter-and-the-escape-from-gringotts,0.0,operating,False,themeparks_wiki
2026-03-04 03:18:22,2026-03-03,22,ioa,Jurassic Park Discovery Center™,jurassic-park-discovery-center,,closed,False,themeparks_wiki
2026-03-04 03:18:22,2026-03-03,22,ioa,Pteranodon Flyers™,pteranodon-flyers,,closed,False,themeparks_wiki
2026-03-04 03:18:22,2026-03-03,22,ioa,Camp Jurassic™,camp-jurassic,,closed,False,themeparks_wiki
2026-03-04 03:18:22,2026-03-03,22,ioa,If I Ran The Zoo™,if-i-ran-the-zoo,,closed,False,themeparks_wiki
2026-03-04 03:18:22,2026-03-03,22,ioa,Jurassic Park River Adventure™,jurassic-park-river-adventure,,closed,False,themeparks_wiki
2026-03-04 03:18:22,2026-03-03,22,ioa,The Cat in The Hat™,the-cat-in-the-hat,,closed,False,themeparks_wiki
2026-03-04 03:18:22,2026-03-03,22,ioa,Harry Potter and the Forbidden Journey™,harry-potter-and-the-forbidden-journey,10.0,operating,False,themeparks_wiki
2026-03-04 03:18:22,2026-03-03,22,ioa,The Incredible Hulk Coaster®,the-incredible-hulk-coaster,0.0,operating,False,themeparks_wiki
2026-03-04 03:18:22,2026-03-03,22,ioa,Skull Island: Reign of Kong™,skull-island-reign-of-kong,,closed,False,themeparks_wiki
2026-03-04 03:18:22,2026-03-03,22,ioa,Popeye & Bluto's Bilge-Rat Barges®,popeye-blutos-bilge-rat-barges,,closed,False,themeparks_wiki
2026-03-04 03:18:22,2026-03-03,22,ioa,Flight of the Hippogriff™,flight-of-the-hippogriff,0.0,operating,False,themeparks_wiki
2026-03-04 03:18:22,2026-03-03,22,ioa,Storm Force Accelatron®,storm-force-accelatron,0.0,operating,False,themeparks_wiki
2026-03-04 03:18:22,2026-03-03,22,ioa,The Amazing Adventures of Spider-Man®,the-amazing-adventures-of-spider-man,,closed,False,themeparks_wiki
2026-03-04 03:18:22,2026-03-03,22,ioa,The High in the Sky Seuss Trolley Train Ride!™,the-high-in-the-sky-seuss-trolley-train-ride,,closed,False,themeparks_wiki
2026-03-04 03:18:22,2026-03-03,22,ioa,Caro-Seuss-el™,caro-seuss-el,,closed,False,themeparks_wiki
2026-03-04 03:18:22,2026-03-03,22,ioa,Dudley Do-Right's Ripsaw Falls®,dudley-do-rights-ripsaw-falls,,closed,False,themeparks_wiki
2026-03-04 03:18:22,2026-03-03,22,ioa,Doctor Doom's Fearfall®,doctor-dooms-fearfall,0.0,operating,False,themeparks_wiki
2026-03-04 03:18:22,2026-03-03,22,ioa,"One Fish, Two Fish, Red Fish, Blue Fish™",one-fish-two-fish-red-fish-blue-fish,,closed,False,themeparks_wiki
2026-03-04 03:18:22,2026-03-03,22,ioa,Jurassic World VelociCoaster,jurassic-world-velocicoaster,,closed,False,themeparks_wiki
2026-03-04 03:18:22,2026-03-03,22,ioa,Hogwarts™ Express - Hogsmeade™ Station,hogwarts-express-hogsmeade-station,,closed,False,themeparks_wiki
2026-03-04 03:18:22,2026-03-03,22,ioa,Hagrid's Magical Creatures Motorbike Adventure™,hagrids-magical-creatures-motorbike-adventure,10.0,operating,False,themeparks_wiki
2026-03-04 03:18:22,2026-03-03,22,vb,Krakatau™ Aqua Coaster,krakatau-aqua-coaster,,closed,False,themeparks_wiki
2026-03-04 03:18:22,2026-03-03,22,vb,Punga Racers™,punga-racers,,closed,False,themeparks_wiki
2026-03-04 03:18:22,2026-03-03,22,vb,Kala & Tai Nui Serpentine Body Slides™,kala-tai-nui-serpentine-body-slides,,closed,False,themeparks_wiki
2026-03-04 03:18:22,2026-03-03,22,vb,Tonga of Taniwha Tubes™,tonga-of-taniwha-tubes,,closed,False,themeparks_wiki
2026-03-04 03:18:22,2026-03-03,22,vb,Ko'okiri Body Plunge™,kookiri-body-plunge,,closed,False,themeparks_wiki
2026-03-04 03:18:22,2026-03-03,22,vb,ika Moana of Honu ika Moana™,ika-moana-of-honu-ika-moana,,closed,False,themeparks_wiki
2026-03-04 03:18:22,2026-03-03,22,vb,The Reef,the-reef,,closed,False,themeparks_wiki
2026-03-04 03:18:22,2026-03-03,22,vb,Puka Uli Lagoon™,puka-uli-lagoon,,closed,False,themeparks_wiki
2026-03-04 03:18:22,2026-03-03,22,vb,Maku of Maku Puihi Round Raft Rides™,maku-of-maku-puihi-round-raft-rides,,closed,False,themeparks_wiki
2026-03-04 03:18:22,2026-03-03,22,vb,Kopiko Wai Winding River™,kopiko-wai-winding-river,,closed,False,themeparks_wiki
2026-03-04 03:18:22,2026-03-03,22,vb,Ohyah of the Ohyah and Ohno Drop Slides™,ohyah-of-the-ohyah-and-ohno-drop-slides,,closed,False,themeparks_wiki
2026-03-04 03:18:22,2026-03-03,22,vb,TeAwa The Fearless River™,teawa-the-fearless-river,,closed,False,themeparks_wiki
2026-03-04 03:18:22,2026-03-03,22,vb,Runamukka Reef™,runamukka-reef,,closed,False,themeparks_wiki
2026-03-04 03:18:22,2026-03-03,22,vb,Raki of Taniwha Tubes™,raki-of-taniwha-tubes,,closed,False,themeparks_wiki
2026-03-04 03:18:22,2026-03-03,22,vb,Ohno of the Ohyah and Ohno Drop Slides™,ohno-of-the-ohyah-and-ohno-drop-slides,,closed,False,themeparks_wiki
2026-03-04 03:18:22,2026-03-03,22,vb,Waturi Beach,waturi-beach,,closed,False,themeparks_wiki
2026-03-04 03:18:22,2026-03-03,22,vb,Puihi of Maku Puihi Round Raft Rides™,puihi-of-maku-puihi-round-raft-rides,,closed,False,themeparks_wiki
2026-03-04 03:18:22,2026-03-03,22,vb,Honu of Honu ika Moana™,honu-of-honu-ika-moana,,closed,False,themeparks_wiki
2026-03-04 03:18:22,2026-03-03,22,vb,Tot Tiki Reef™,tot-tiki-reef,,closed,False,themeparks_wiki
2026-03-04 05:03:14,2026-03-04,0,mk,Tomorrowland Speedway,tomorrowland-speedway,,closed,False,themeparks_wiki
2026-03-04 05:03:14,2026-03-04,0,mk,Enchanted Tales with Belle,enchanted-tales-with-belle,,closed,False,themeparks_wiki
2026-03-04 05:03:14,2026-03-04,0,mk,Casey Jr. Splash 'N' Soak Station,casey-jr-splash-n-soak-station,,operating,False,themeparks_wiki
2026-03-04 05:03:14,2026-03-04,0,mk,Dumbo the Flying Elephant,dumbo-the-flying-elephant,,closed,False,themeparks_wiki
2026-03-04 05:03:14,2026-03-04,0,mk,The Barnstormer,the-barnstormer,,closed,False,themeparks_wiki
2026-03-04 05:03:14,2026-03-04,0,mk,"""it's a small world""",its-a-small-world,,closed,False,themeparks_wiki
2026-03-04 05:03:14,2026-03-04,0,mk,Prince Charming Regal Carrousel,prince-charming-regal-carrousel,,closed,False,themeparks_wiki
2026-03-04 05:03:14,2026-03-04,0,mk,Haunted Mansion,haunted-mansion,,closed,False,themeparks_wiki
2026-03-04 05:03:14,2026-03-04,0,mk,Tomorrowland Transit Authority PeopleMover,tomorrowland-transit-authority-peoplemover,,closed,False,themeparks_wiki
2026-03-04 05:03:14,2026-03-04,0,mk,The Many Adventures of Winnie the Pooh,the-many-adventures-of-winnie-the-pooh,,closed,False,themeparks_wiki
2026-03-04 05:03:14,2026-03-04,0,mk,Seven Dwarfs Mine Train,seven-dwarfs-mine-train,,closed,True,themeparks_wiki
2026-03-04 05:03:14,2026-03-04,0,mk,Big Thunder Mountain Railroad,big-thunder-mountain-railroad,,refurbishment,False,themeparks_wiki
2026-03-04 05:03:14,2026-03-04,0,mk,Peter Pan's Flight,peter-pans-flight,,closed,False,themeparks_wiki
2026-03-04 05:03:14,2026-03-04,0,mk,Jungle Cruise,jungle-cruise,,closed,False,themeparks_wiki
2026-03-04 05:03:14,2026-03-04,0,mk,The Magic Carpets of Aladdin,the-magic-carpets-of-aladdin,,closed,False,themeparks_wiki
2026-03-04 05:03:14,2026-03-04,0,mk,Cinderella Castle,cinderella-castle,,operating,False,themeparks_wiki
2026-03-04 05:03:14,2026-03-04,0,mk,Main Street Vehicles,main-street-vehicles,,closed,False,themeparks_wiki
2026-03-04 05:03:14,2026-03-04,0,mk,Tiana's Bayou Adventure,tianas-bayou-adventure,,closed,False,themeparks_wiki
2026-03-04 05:03:14,2026-03-04,0,mk,Mickey's PhilharMagic,mickeys-philharmagic,,closed,False,themeparks_wiki
2026-03-04 05:03:14,2026-03-04,0,mk,A Pirate's Adventure ~ Treasures of the Seven Seas,a-pirates-adventure-treasures-of-the-seven-seas,,closed,False,themeparks_wiki
2026-03-04 05:03:14,2026-03-04,0,mk,Astro Orbiter,astro-orbiter,,closed,False,themeparks_wiki
2026-03-04 05:03:14,2026-03-04,0,mk,Walt Disney's Carousel of Progress,walt-disneys-carousel-of-progress,,closed,False,themeparks_wiki
2026-03-04 05:03:14,2026-03-04,0,mk,Walt Disney World Railroad - Fantasyland,walt-disney-world-railroad-fantasyland,,closed,False,themeparks_wiki
2026-03-04 05:03:14,2026-03-04,0,mk,Mad Tea Party,mad-tea-party,,closed,False,themeparks_wiki
2026-03-04 05:03:14,2026-03-04,0,mk,Buzz Lightyear's Space Ranger Spin,buzz-lightyears-space-ranger-spin,,refurbishment,False,themeparks_wiki
2026-03-04 05:03:14,2026-03-04,0,mk,Pirates of the Caribbean,pirates-of-the-caribbean,,closed,False,themeparks_wiki
2026-03-04 05:03:14,2026-03-04,0,mk,Country Bear Musical Jamboree,country-bear-musical-jamboree,,closed,False,themeparks_wiki
2026-03-04 05:03:14,2026-03-04,0,mk,Under the Sea - Journey of The Little Mermaid,under-the-sea-journey-of-the-little-mermaid,,closed,False,themeparks_wiki
2026-03-04 05:03:14,2026-03-04,0,mk,"Walt Disney World Railroad - Main Street, U.S.A.",walt-disney-world-railroad-main-street-u-s-a,,closed,False,themeparks_wiki
2026-03-04 05:03:14,2026-03-04,0,mk,Swiss Family Treehouse,swiss-family-treehouse,,closed,False,themeparks_wiki
2026-03-04 05:03:14,2026-03-04,0,mk,The Hall of Presidents,the-hall-of-presidents,,closed,False,themeparks_wiki
2026-03-04 05:03:14,2026-03-04,0,mk,Space Mountain,space-mountain,,closed,False,themeparks_wiki
2026-03-04 05:03:14,2026-03-04,0,mk,Monsters Inc. Laugh Floor,monsters-inc-laugh-floor,,closed,False,themeparks_wiki
2026-03-04 05:03:14,2026-03-04,0,mk,Walt Disney's Enchanted Tiki Room,walt-disneys-enchanted-tiki-room,,closed,False,themeparks_wiki
2026-03-04 05:03:14,2026-03-04,0,mk,TRON Lightcycle / Run,tron-lightcycle-run,,closed,True,themeparks_wiki
2026-03-04 05:03:14,2026-03-04,0,epcot,American Heritage Gallery,american-heritage-gallery,0.0,operating,False,queue_times
2026-03-04 05:03:14,2026-03-04,0,epcot,Kidcot Fun Stops,kidcot-fun-stops,0.0,operating,False,queue_times
2026-03-04 05:03:14,2026-03-04,0,epcot,Palais du Cinéma,palais-du-cin-ma,0.0,operating,False,queue_times
2026-03-04 05:03:14,2026-03-04,0,epcot,"ImageWorks - The ""What If"" Labs",imageworks-the-what-if-labs,0.0,operating,False,queue_times
2026-03-04 05:03:14,2026-03-04,0,epcot,Bijutsu-kan Gallery,bijutsu-kan-gallery,0.0,operating,False,queue_times
2026-03-04 05:03:14,2026-03-04,0,epcot,Disney and Pixar Short Film Festival,disney-and-pixar-short-film-festival,,closed,False,queue_times
2026-03-04 05:03:14,2026-03-04,0,epcot,Journey Into Imagination With Figment,journey-into-imagination-with-figment,,closed,False,queue_times
2026-03-04 05:03:14,2026-03-04,0,epcot,Meet Beloved Disney Pals at Mickey & Friends,meet-beloved-disney-pals-at-mickey-friends,,closed,False,queue_times
2026-03-04 05:03:14,2026-03-04,0,epcot,Project Tomorrow: Inventing the Wonders of the Future,project-tomorrow-inventing-the-wonders-of-the-future,0.0,operating,False,queue_times
2026-03-04 05:03:14,2026-03-04,0,epcot,Spaceship Earth,spaceship-earth,,closed,False,queue_times
2026-03-04 05:03:14,2026-03-04,0,epcot,Advanced Training Lab,advanced-training-lab,0.0,operating,False,queue_times
2026-03-04 05:03:14,2026-03-04,0,epcot,Guardians of the Galaxy: Cosmic Rewind,guardians-of-the-galaxy-cosmic-rewind,,closed,False,queue_times
2026-03-04 05:03:14,2026-03-04,0,epcot,Mission: SPACE,mission-space,,closed,False,queue_times
2026-03-04 05:03:14,2026-03-04,0,epcot,Test Track,test-track,,closed,False,queue_times
2026-03-04 05:03:14,2026-03-04,0,epcot,Test Track Presented by Chevrolet Single Rider,test-track-presented-by-chevrolet-single-rider,,closed,False,queue_times
2026-03-04 05:03:14,2026-03-04,0,epcot,Awesome Planet,awesome-planet,,closed,False,queue_times
2026-03-04 05:03:14,2026-03-04,0,epcot,Bruce's Shark World,bruces-shark-world,0.0,operating,False,queue_times
2026-03-04 05:03:14,2026-03-04,0,epcot,"Journey of Water, Inspired by Moana",journey-of-water-inspired-by-moana,,closed,False,queue_times
2026-03-04 05:03:14,2026-03-04,0,epcot,Living with the Land,living-with-the-land,,closed,False,queue_times
2026-03-04 05:03:14,2026-03-04,0,epcot,SeaBase Aquarium,seabase-aquarium,0.0,operating,False,queue_times
2026-03-04 05:03:14,2026-03-04,0,epcot,Soarin' Around the World,soarin-around-the-world,,closed,False,queue_times
2026-03-04 05:03:14,2026-03-04,0,epcot,The Seas with Nemo & Friends,the-seas-with-nemo-friends,,closed,False,queue_times
2026-03-04 05:03:14,2026-03-04,0,epcot,Turtle Talk With Crush,turtle-talk-with-crush,,closed,False,queue_times
2026-03-04 05:03:14,2026-03-04,0,epcot,Canada Far and Wide in Circle-Vision 360,canada-far-and-wide-in-circle-vision-360,,closed,False,queue_times
2026-03-04 05:03:14,2026-03-04,0,epcot,Frozen Ever After,frozen-ever-after,,closed,False,queue_times
2026-03-04 05:03:14,2026-03-04,0,epcot,Gallery of Arts and History,gallery-of-arts-and-history,0.0,operating,False,queue_times
2026-03-04 05:03:14,2026-03-04,0,epcot,Gran Fiesta Tour Starring The Three Caballeros,gran-fiesta-tour-starring-the-three-caballeros,,closed,False,queue_times
2026-03-04 05:03:14,2026-03-04,0,epcot,House of the Whispering Willows,house-of-the-whispering-willows,0.0,operating,False,queue_times
2026-03-04 05:03:14,2026-03-04,0,epcot,Meet Anna and Elsa at Royal Sommerhus,meet-anna-and-elsa-at-royal-sommerhus,,closed,False,queue_times
2026-03-04 05:03:14,2026-03-04,0,epcot,Mexico Folk Art Gallery,mexico-folk-art-gallery,0.0,operating,False,queue_times
2026-03-04 05:03:14,2026-03-04,0,epcot,Remy's Ratatouille Adventure,remys-ratatouille-adventure,,closed,False,queue_times
2026-03-04 05:03:14,2026-03-04,0,epcot,Remy's Ratatouille Adventure Single Rider,remys-ratatouille-adventure-single-rider,,closed,False,queue_times
2026-03-04 05:03:14,2026-03-04,0,epcot,Stave Church Gallery,stave-church-gallery,0.0,operating,False,queue_times
2026-03-04 05:03:14,2026-03-04,0,hs,Meet Ariel at Walt Disney Presents,meet-ariel-at-walt-disney-presents,,closed,False,queue_times
2026-03-04 05:03:14,2026-03-04,0,hs,The Little Mermaid – A Musical Adventure – New!,the-little-mermaid-a-musical-adventure-new,0.0,operating,False,queue_times
2026-03-04 05:03:14,2026-03-04,0,hs,Walt Disney Presents,walt-disney-presents,,closed,False,queue_times
2026-03-04 05:03:14,2026-03-04,0,hs,Meet Disney Stars at Red Carpet Dreams,meet-disney-stars-at-red-carpet-dreams,,closed,False,queue_times
2026-03-04 05:03:14,2026-03-04,0,hs,For the First Time in Forever: A Frozen Sing-Along Celebration,for-the-first-time-in-forever-a-frozen-sing-along-celebration,0.0,operating,False,queue_times
2026-03-04 05:03:14,2026-03-04,0,hs,Indiana Jones™ Epic Stunt Spectacular!,indiana-jones-epic-stunt-spectacular,0.0,operating,False,queue_times
2026-03-04 05:03:14,2026-03-04,0,hs,Meet Olaf at Celebrity Spotlight,meet-olaf-at-celebrity-spotlight,,closed,False,queue_times
2026-03-04 05:03:14,2026-03-04,0,hs,Star Tours – The Adventures Continue,star-tours-the-adventures-continue,,closed,False,queue_times
2026-03-04 05:03:14,2026-03-04,0,hs,Vacation Fun - An Original Animated Short with Mickey & Minnie,vacation-fun-an-original-animated-short-with-mickey-minnie,,closed,False,queue_times
2026-03-04 05:03:14,2026-03-04,0,hs,Mickey & Minnie's Runaway Railway,mickey-minnies-runaway-railway,,closed,False,queue_times
2026-03-04 05:03:14,2026-03-04,0,hs,Meet Edna Mode at the Edna Mode Experience,meet-edna-mode-at-the-edna-mode-experience,,closed,False,queue_times
2026-03-04 05:03:14,2026-03-04,0,hs,Toy Story Mania!,toy-story-mania,,closed,False,queue_times
2026-03-04 05:03:14,2026-03-04,0,hs,Millennium Falcon: Smugglers Run,millennium-falcon-smugglers-run,,closed,False,queue_times
2026-03-04 05:03:14,2026-03-04,0,hs,Millennium Falcon: Smugglers Run Single Rider,millennium-falcon-smugglers-run-single-rider,,closed,False,queue_times
2026-03-04 05:03:14,2026-03-04,0,hs,Star Wars: Rise of the Resistance,star-wars-rise-of-the-resistance,,closed,False,queue_times
2026-03-04 05:03:14,2026-03-04,0,hs,Star Wars: Rise of the Resistance Single Rider,star-wars-rise-of-the-resistance-single-rider,,closed,False,queue_times
2026-03-04 05:03:14,2026-03-04,0,hs,Beauty and the Beast – Live on Stage,beauty-and-the-beast-live-on-stage,0.0,operating,False,queue_times
2026-03-04 05:03:14,2026-03-04,0,hs,Rock 'n' Roller Coaster Starring Aerosmith,rock-n-roller-coaster-starring-aerosmith,,closed,False,queue_times
2026-03-04 05:03:14,2026-03-04,0,hs,Rock 'n' Roller Coaster Starring Aerosmith Single Rider,rock-n-roller-coaster-starring-aerosmith-single-rider,,closed,False,queue_times
2026-03-04 05:03:14,2026-03-04,0,hs,The Twilight Zone Tower of Terror™,the-twilight-zone-tower-of-terror,,closed,False,queue_times
2026-03-04 05:03:14,2026-03-04,0,hs,Alien Swirling Saucers,alien-swirling-saucers,,closed,False,queue_times
2026-03-04 05:03:14,2026-03-04,0,hs,Slinky Dog Dash,slinky-dog-dash,,closed,False,queue_times
2026-03-04 05:03:14,2026-03-04,0,ak,Festival of the Lion King,festival-of-the-lion-king,0.0,operating,False,queue_times
2026-03-04 05:03:14,2026-03-04,0,ak,Gorilla Falls Exploration Trail,gorilla-falls-exploration-trail,,closed,False,queue_times
2026-03-04 05:03:14,2026-03-04,0,ak,Kilimanjaro Safaris,kilimanjaro-safaris,,closed,False,queue_times
2026-03-04 05:03:14,2026-03-04,0,ak,Wildlife Express Train,wildlife-express-train,,closed,False,queue_times
2026-03-04 05:03:14,2026-03-04,0,ak,Expedition Everest - Legend of the Forbidden Mountain,expedition-everest-legend-of-the-forbidden-mountain,,closed,False,queue_times
2026-03-04 05:03:14,2026-03-04,0,ak,Expedition Everest - Legend of the Forbidden Mountain Single Rider,expedition-everest-legend-of-the-forbidden-mountain-single-rider,,closed,False,queue_times
2026-03-04 05:03:14,2026-03-04,0,ak,Feathered Friends in Flight!,feathered-friends-in-flight,0.0,operating,False,queue_times
2026-03-04 05:03:14,2026-03-04,0,ak,Kali River Rapids,kali-river-rapids,,closed,False,queue_times
2026-03-04 05:03:14,2026-03-04,0,ak,DINOSAUR,dinosaur,,closed,False,queue_times
2026-03-04 05:03:14,2026-03-04,0,ak,Finding Nemo: The Big Blue... and Beyond!,finding-nemo-the-big-blue-and-beyond,0.0,operating,False,queue_times
2026-03-04 05:03:14,2026-03-04,0,ak,Discovery Island Trails,discovery-island-trails,0.0,operating,False,queue_times
2026-03-04 05:03:14,2026-03-04,0,ak,Meet Favorite Disney Pals at Adventurers Outpost,meet-favorite-disney-pals-at-adventurers-outpost,,closed,False,queue_times
2026-03-04 05:03:14,2026-03-04,0,ak,Meet Moana at Character Landing,meet-moana-at-character-landing,,closed,False,queue_times
2026-03-04 05:03:14,2026-03-04,0,ak,Tree of Life,tree-of-life,0.0,operating,False,queue_times
2026-03-04 05:03:14,2026-03-04,0,ak,Zootopia: Better Zoogether! - NEW!,zootopia-better-zoogether-new,,closed,False,queue_times
2026-03-04 05:03:14,2026-03-04,0,ak,Avatar Flight of Passage,avatar-flight-of-passage,,closed,False,queue_times
2026-03-04 05:03:14,2026-03-04,0,ak,Na'vi River Journey,navi-river-journey,,closed,False,queue_times
2026-03-04 05:03:14,2026-03-04,0,ak,Affection Section,affection-section,,closed,False,queue_times
2026-03-04 05:03:14,2026-03-04,0,ak,Animal Care at Conservation Station,animal-care-at-conservation-station,,closed,False,queue_times
2026-03-04 05:03:14,2026-03-04,0,ak,The Oasis Exhibits,the-oasis-exhibits,0.0,operating,False,queue_times
2026-03-04 05:03:14,2026-03-04,0,ak,Wilderness Explorers,wilderness-explorers,0.0,operating,False,queue_times
2026-03-04 05:03:14,2026-03-04,0,usf,Illumination Theater,illumination-theater,,closed,False,themeparks_wiki
2026-03-04 05:03:14,2026-03-04,0,usf,El Artista: A Spanish Haunting,el-artista-a-spanish-haunting,,closed,False,themeparks_wiki
2026-03-04 05:03:14,2026-03-04,0,usf,Gálkn: Monsters of the North,g-lkn-monsters-of-the-north,,closed,False,themeparks_wiki
2026-03-04 05:03:14,2026-03-04,0,usf,Dolls: Let’s Play Dead,dolls-lets-play-dead,,closed,False,themeparks_wiki
2026-03-04 05:03:14,2026-03-04,0,usf,Grave of Flesh,grave-of-flesh,,closed,False,themeparks_wiki
2026-03-04 05:03:14,2026-03-04,0,usf,Hatchet and Chains: Demon Bounty Hunters,hatchet-and-chains-demon-bounty-hunters,,closed,False,themeparks_wiki
2026-03-04 05:03:14,2026-03-04,0,usf,JASON UN1V3RSE,jason-un1v3rse,,closed,False,themeparks_wiki
2026-03-04 05:03:14,2026-03-04,0,usf,WWE Presents: The Horrors of the Wyatt Sicks,wwe-presents-the-horrors-of-the-wyatt-sicks,,closed,False,themeparks_wiki
2026-03-04 05:03:14,2026-03-04,0,usf,Terrifier,terrifier,,closed,False,themeparks_wiki
2026-03-04 05:03:14,2026-03-04,0,usf,Hogwarts™ Express - First Train,hogwarts-express-first-train,,closed,False,themeparks_wiki
2026-03-04 05:03:14,2026-03-04,0,usf,MEN IN BLACK™ Alien Attack!™,men-in-black-alien-attack,,closed,False,themeparks_wiki
2026-03-04 05:03:14,2026-03-04,0,usf,Five Nights At Freddy’s,five-nights-at-freddys,,closed,False,themeparks_wiki
2026-03-04 05:03:14,2026-03-04,0,usf,Revenge of the Mummy™,revenge-of-the-mummy,,closed,False,themeparks_wiki
2026-03-04 05:03:14,2026-03-04,0,usf,Despicable Me Minion Mayhem™,despicable-me-minion-mayhem,,closed,False,themeparks_wiki
2026-03-04 05:03:14,2026-03-04,0,usf,Fallout,fallout,,closed,False,themeparks_wiki
2026-03-04 05:03:14,2026-03-04,0,usf,E.T. Adventure™,e-t-adventure,,closed,False,themeparks_wiki
2026-03-04 05:03:14,2026-03-04,0,usf,TRANSFORMERS™: The Ride-3D,transformers-the-ride-3d,,closed,False,themeparks_wiki
2026-03-04 05:03:14,2026-03-04,0,usf,Illumination's Villain-Con Minion Blast,illuminations-villain-con-minion-blast,,closed,False,themeparks_wiki
2026-03-04 05:03:14,2026-03-04,0,usf,Fast & Furious - Supercharged™,fast-furious-supercharged,,closed,False,themeparks_wiki
2026-03-04 05:03:14,2026-03-04,0,usf,Hollywood Rip Ride Rockit™,hollywood-rip-ride-rockit,,closed,False,themeparks_wiki
2026-03-04 05:03:14,2026-03-04,0,usf,Race Through New York Starring Jimmy Fallon™,race-through-new-york-starring-jimmy-fallon,,closed,False,themeparks_wiki
2026-03-04 05:03:14,2026-03-04,0,usf,Hogwarts™ Express - King's Cross Station,hogwarts-express-kings-cross-station,,closed,False,themeparks_wiki
2026-03-04 05:03:14,2026-03-04,0,usf,Kang & Kodos' Twirl 'n' Hurl,kang-kodos-twirl-n-hurl,,closed,False,themeparks_wiki
2026-03-04 05:03:14,2026-03-04,0,usf,The Simpsons Ride™,the-simpsons-ride,,closed,False,themeparks_wiki
2026-03-04 05:03:14,2026-03-04,0,usf,Trolls Trollercoaster,trolls-trollercoaster,,closed,False,themeparks_wiki
2026-03-04 05:03:14,2026-03-04,0,usf,Harry Potter and the Escape from Gringotts™,harry-potter-and-the-escape-from-gringotts,,closed,False,themeparks_wiki
2026-03-04 05:03:14,2026-03-04,0,ioa,Jurassic Park Discovery Center™,jurassic-park-discovery-center,,closed,False,themeparks_wiki
2026-03-04 05:03:14,2026-03-04,0,ioa,Pteranodon Flyers™,pteranodon-flyers,,closed,False,themeparks_wiki
2026-03-04 05:03:14,2026-03-04,0,ioa,Camp Jurassic™,camp-jurassic,,closed,False,themeparks_wiki
2026-03-04 05:03:14,2026-03-04,0,ioa,If I Ran The Zoo™,if-i-ran-the-zoo,,closed,False,themeparks_wiki
2026-03-04 05:03:14,2026-03-04,0,ioa,Jurassic Park River Adventure™,jurassic-park-river-adventure,,closed,False,themeparks_wiki
2026-03-04 05:03:14,2026-03-04,0,ioa,The Cat in The Hat™,the-cat-in-the-hat,,closed,False,themeparks_wiki
2026-03-04 05:03:14,2026-03-04,0,ioa,Harry Potter and the Forbidden Journey™,harry-potter-and-the-forbidden-journey,,closed,False,themeparks_wiki
2026-03-04 05:03:14,2026-03-04,0,ioa,The Incredible Hulk Coaster®,the-incredible-hulk-coaster,,closed,False,themeparks_wiki
2026-03-04 05:03:14,2026-03-04,0,ioa,Skull Island: Reign of Kong™,skull-island-reign-of-kong,,closed,False,themeparks_wiki
2026-03-04 05:03:14,2026-03-04,0,ioa,Popeye & Bluto's Bilge-Rat Barges®,popeye-blutos-bilge-rat-barges,,closed,False,themeparks_wiki
2026-03-04 05:03:14,2026-03-04,0,ioa,Flight of the Hippogriff™,flight-of-the-hippogriff,,closed,False,themeparks_wiki
2026-03-04 05:03:14,2026-03-04,0,ioa,Storm Force Accelatron®,storm-force-accelatron,,closed,False,themeparks_wiki
2026-03-04 05:03:14,2026-03-04,0,ioa,The Amazing Adventures of Spider-Man®,the-amazing-adventures-of-spider-man,,closed,False,themeparks_wiki
2026-03-04 05:03:14,2026-03-04,0,ioa,The High in the Sky Seuss Trolley Train Ride!™,the-high-in-the-sky-seuss-trolley-train-ride,,closed,False,themeparks_wiki
2026-03-04 05:03:14,2026-03-04,0,ioa,Caro-Seuss-el™,caro-seuss-el,,closed,False,themeparks_wiki
2026-03-04 05:03:14,2026-03-04,0,ioa,Dudley Do-Right's Ripsaw Falls®,dudley-do-rights-ripsaw-falls,,closed,False,themeparks_wiki
2026-03-04 05:03:14,2026-03-04,0,ioa,Doctor Doom's Fearfall®,doctor-dooms-fearfall,,closed,False,themeparks_wiki
2026-03-04 05:03:14,2026-03-04,0,ioa,"One Fish, Two Fish, Red Fish, Blue Fish™",one-fish-two-fish-red-fish-blue-fish,,closed,False,themeparks_wiki
2026-03-04 05:03:14,2026-03-04,0,ioa,Jurassic World VelociCoaster,jurassic-world-velocicoaster,,closed,False,themeparks_wiki
2026-03-04 05:03:14,2026-03-04,0,ioa,Hogwarts™ Express - Hogsmeade™ Station,hogwarts-express-hogsmeade-station,,closed,False,themeparks_wiki
2026-03-04 05:03:14,2026-03-04,0,ioa,Hagrid's Magical Creatures Motorbike Adventure™,hagrids-magical-creatures-motorbike-adventure,,closed,False,themeparks_wiki
2026-03-04 05:03:14,2026-03-04,0,vb,Krakatau™ Aqua Coaster,krakatau-aqua-coaster,,closed,False,themeparks_wiki
2026-03-04 05:03:14,2026-03-04,0,vb,Punga Racers™,punga-racers,,closed,False,themeparks_wiki
2026-03-04 05:03:14,2026-03-04,0,vb,Kala & Tai Nui Serpentine Body Slides™,kala-tai-nui-serpentine-body-slides,,closed,False,themeparks_wiki
2026-03-04 05:03:14,2026-03-04,0,vb,Tonga of Taniwha Tubes™,tonga-of-taniwha-tubes,,closed,False,themeparks_wiki
2026-03-04 05:03:14,2026-03-04,0,vb,Ko'okiri Body Plunge™,kookiri-body-plunge,,closed,False,themeparks_wiki
2026-03-04 05:03:14,2026-03-04,0,vb,ika Moana of Honu ika Moana™,ika-moana-of-honu-ika-moana,,closed,False,themeparks_wiki
2026-03-04 05:03:14,2026-03-04,0,vb,The Reef,the-reef,,closed,False,themeparks_wiki
2026-03-04 05:03:14,2026-03-04,0,vb,Puka Uli Lagoon™,puka-uli-lagoon,,closed,False,themeparks_wiki
2026-03-04 05:03:14,2026-03-04,0,vb,Maku of Maku Puihi Round Raft Rides™,maku-of-maku-puihi-round-raft-rides,,closed,False,themeparks_wiki
2026-03-04 05:03:14,2026-03-04,0,vb,Kopiko Wai Winding River™,kopiko-wai-winding-river,,closed,False,themeparks_wiki
2026-03-04 05:03:14,2026-03-04,0,vb,Ohyah of the Ohyah and Ohno Drop Slides™,ohyah-of-the-ohyah-and-ohno-drop-slides,,closed,False,themeparks_wiki
2026-03-04 05:03:14,2026-03-04,0,vb,TeAwa The Fearless River™,teawa-the-fearless-river,,closed,False,themeparks_wiki
2026-03-04 05:03:14,2026-03-04,0,vb,Runamukka Reef™,runamukka-reef,,closed,False,themeparks_wiki
2026-03-04 05:03:14,2026-03-04,0,vb,Raki of Taniwha Tubes™,raki-of-taniwha-tubes,,closed,False,themeparks_wiki
2026-03-04 05:03:14,2026-03-04,0,vb,Ohno of the Ohyah and Ohno Drop Slides™,ohno-of-the-ohyah-and-ohno-drop-slides,,closed,False,themeparks_wiki
2026-03-04 05:03:14,2026-03-04,0,vb,Waturi Beach,waturi-beach,,closed,False,themeparks_wiki
2026-03-04 05:03:14,2026-03-04,0,vb,Puihi of Maku Puihi Round Raft Rides™,puihi-of-maku-puihi-round-raft-rides,,closed,False,themeparks_wiki
2026-03-04 05:03:14,2026-03-04,0,vb,Honu of Honu ika Moana™,honu-of-honu-ika-moana,,closed,False,themeparks_wiki
2026-03-04 05:03:14,2026-03-04,0,vb,Tot Tiki Reef™,tot-tiki-reef,,closed,False,themeparks_wiki
2026-03-04 11:21:20,2026-03-04,6,mk,Peter Pan's Flight,peter-pans-flight,,closed,False,themeparks_wiki
2026-03-04 11:21:20,2026-03-04,6,mk,Enchanted Tales with Belle,enchanted-tales-with-belle,,closed,False,themeparks_wiki
2026-03-04 11:21:20,2026-03-04,6,mk,Casey Jr. Splash 'N' Soak Station,casey-jr-splash-n-soak-station,,operating,False,themeparks_wiki
2026-03-04 11:21:20,2026-03-04,6,mk,Prince Charming Regal Carrousel,prince-charming-regal-carrousel,,closed,False,themeparks_wiki
2026-03-04 11:21:20,2026-03-04,6,mk,Dumbo the Flying Elephant,dumbo-the-flying-elephant,,closed,False,themeparks_wiki
2026-03-04 11:21:20,2026-03-04,6,mk,Haunted Mansion,haunted-mansion,,closed,False,themeparks_wiki
2026-03-04 11:21:20,2026-03-04,6,mk,The Barnstormer,the-barnstormer,,closed,False,themeparks_wiki
2026-03-04 11:21:20,2026-03-04,6,mk,Pirates of the Caribbean,pirates-of-the-caribbean,,closed,False,themeparks_wiki
2026-03-04 11:21:20,2026-03-04,6,mk,Tiana's Bayou Adventure,tianas-bayou-adventure,,closed,False,themeparks_wiki
2026-03-04 11:21:20,2026-03-04,6,mk,The Magic Carpets of Aladdin,the-magic-carpets-of-aladdin,,closed,False,themeparks_wiki
2026-03-04 11:21:20,2026-03-04,6,mk,"""it's a small world""",its-a-small-world,,closed,False,themeparks_wiki
2026-03-04 11:21:20,2026-03-04,6,mk,Tomorrowland Speedway,tomorrowland-speedway,,closed,False,themeparks_wiki
2026-03-04 11:21:20,2026-03-04,6,mk,Tomorrowland Transit Authority PeopleMover,tomorrowland-transit-authority-peoplemover,,closed,False,themeparks_wiki
2026-03-04 11:21:20,2026-03-04,6,mk,The Many Adventures of Winnie the Pooh,the-many-adventures-of-winnie-the-pooh,,closed,False,themeparks_wiki
2026-03-04 11:21:20,2026-03-04,6,mk,Seven Dwarfs Mine Train,seven-dwarfs-mine-train,,closed,True,themeparks_wiki
2026-03-04 11:21:20,2026-03-04,6,mk,Space Mountain,space-mountain,,closed,False,themeparks_wiki
2026-03-04 11:21:20,2026-03-04,6,mk,Big Thunder Mountain Railroad,big-thunder-mountain-railroad,,refurbishment,False,themeparks_wiki
2026-03-04 11:21:20,2026-03-04,6,mk,Jungle Cruise,jungle-cruise,,closed,False,themeparks_wiki
2026-03-04 11:21:20,2026-03-04,6,mk,Cinderella Castle,cinderella-castle,,operating,False,themeparks_wiki
2026-03-04 11:21:20,2026-03-04,6,mk,Main Street Vehicles,main-street-vehicles,,closed,False,themeparks_wiki
2026-03-04 11:21:20,2026-03-04,6,mk,Mickey's PhilharMagic,mickeys-philharmagic,,closed,False,themeparks_wiki
2026-03-04 11:21:20,2026-03-04,6,mk,A Pirate's Adventure ~ Treasures of the Seven Seas,a-pirates-adventure-treasures-of-the-seven-seas,,closed,False,themeparks_wiki
2026-03-04 11:21:20,2026-03-04,6,mk,Astro Orbiter,astro-orbiter,,closed,False,themeparks_wiki
2026-03-04 11:21:20,2026-03-04,6,mk,Walt Disney's Carousel of Progress,walt-disneys-carousel-of-progress,,closed,False,themeparks_wiki
2026-03-04 11:21:20,2026-03-04,6,mk,Walt Disney World Railroad - Fantasyland,walt-disney-world-railroad-fantasyland,,closed,False,themeparks_wiki
2026-03-04 11:21:20,2026-03-04,6,mk,Mad Tea Party,mad-tea-party,,closed,False,themeparks_wiki
2026-03-04 11:21:20,2026-03-04,6,mk,Buzz Lightyear's Space Ranger Spin,buzz-lightyears-space-ranger-spin,,refurbishment,False,themeparks_wiki
2026-03-04 11:21:20,2026-03-04,6,mk,Country Bear Musical Jamboree,country-bear-musical-jamboree,,closed,False,themeparks_wiki
2026-03-04 11:21:20,2026-03-04,6,mk,Under the Sea - Journey of The Little Mermaid,under-the-sea-journey-of-the-little-mermaid,,closed,False,themeparks_wiki
2026-03-04 11:21:20,2026-03-04,6,mk,"Walt Disney World Railroad - Main Street, U.S.A.",walt-disney-world-railroad-main-street-u-s-a,,closed,False,themeparks_wiki
2026-03-04 11:21:20,2026-03-04,6,mk,Swiss Family Treehouse,swiss-family-treehouse,,closed,False,themeparks_wiki
2026-03-04 11:21:20,2026-03-04,6,mk,The Hall of Presidents,the-hall-of-presidents,,closed,False,themeparks_wiki
2026-03-04 11:21:20,2026-03-04,6,mk,Monsters Inc. Laugh Floor,monsters-inc-laugh-floor,,closed,False,themeparks_wiki
2026-03-04 11:21:20,2026-03-04,6,mk,Walt Disney's Enchanted Tiki Room,walt-disneys-enchanted-tiki-room,,closed,False,themeparks_wiki
2026-03-04 11:21:20,2026-03-04,6,mk,TRON Lightcycle / Run,tron-lightcycle-run,,closed,True,themeparks_wiki
2026-03-04 11:21:20,2026-03-04,6,epcot,American Heritage Gallery,american-heritage-gallery,0.0,operating,False,queue_times
2026-03-04 11:21:20,2026-03-04,6,epcot,Kidcot Fun Stops,kidcot-fun-stops,0.0,operating,False,queue_times
2026-03-04 11:21:20,2026-03-04,6,epcot,Palais du Cinéma,palais-du-cin-ma,0.0,operating,False,queue_times
2026-03-04 11:21:20,2026-03-04,6,epcot,"ImageWorks - The ""What If"" Labs",imageworks-the-what-if-labs,0.0,operating,False,queue_times
2026-03-04 11:21:20,2026-03-04,6,epcot,Bijutsu-kan Gallery,bijutsu-kan-gallery,0.0,operating,False,queue_times
2026-03-04 11:21:20,2026-03-04,6,epcot,Disney and Pixar Short Film Festival,disney-and-pixar-short-film-festival,,closed,False,queue_times
2026-03-04 11:21:20,2026-03-04,6,epcot,Journey Into Imagination With Figment,journey-into-imagination-with-figment,,closed,False,queue_times
2026-03-04 11:21:20,2026-03-04,6,epcot,Meet Beloved Disney Pals at Mickey & Friends,meet-beloved-disney-pals-at-mickey-friends,,closed,False,queue_times
2026-03-04 11:21:20,2026-03-04,6,epcot,Project Tomorrow: Inventing the Wonders of the Future,project-tomorrow-inventing-the-wonders-of-the-future,0.0,operating,False,queue_times
2026-03-04 11:21:20,2026-03-04,6,epcot,Spaceship Earth,spaceship-earth,,closed,False,queue_times
2026-03-04 11:21:20,2026-03-04,6,epcot,Advanced Training Lab,advanced-training-lab,0.0,operating,False,queue_times
2026-03-04 11:21:20,2026-03-04,6,epcot,Guardians of the Galaxy: Cosmic Rewind,guardians-of-the-galaxy-cosmic-rewind,,closed,False,queue_times
2026-03-04 11:21:20,2026-03-04,6,epcot,Mission: SPACE,mission-space,,closed,False,queue_times
2026-03-04 11:21:20,2026-03-04,6,epcot,Test Track,test-track,,closed,False,queue_times
2026-03-04 11:21:20,2026-03-04,6,epcot,Test Track Presented by Chevrolet Single Rider,test-track-presented-by-chevrolet-single-rider,,closed,False,queue_times
2026-03-04 11:21:20,2026-03-04,6,epcot,Awesome Planet,awesome-planet,,closed,False,queue_times
2026-03-04 11:21:20,2026-03-04,6,epcot,Bruce's Shark World,bruces-shark-world,0.0,operating,False,queue_times
2026-03-04 11:21:20,2026-03-04,6,epcot,"Journey of Water, Inspired by Moana",journey-of-water-inspired-by-moana,,closed,False,queue_times
2026-03-04 11:21:20,2026-03-04,6,epcot,Living with the Land,living-with-the-land,,closed,False,queue_times
2026-03-04 11:21:20,2026-03-04,6,epcot,SeaBase Aquarium,seabase-aquarium,0.0,operating,False,queue_times
2026-03-04 11:21:20,2026-03-04,6,epcot,Soarin' Around the World,soarin-around-the-world,,closed,False,queue_times
2026-03-04 11:21:20,2026-03-04,6,epcot,The Seas with Nemo & Friends,the-seas-with-nemo-friends,,closed,False,queue_times
2026-03-04 11:21:20,2026-03-04,6,epcot,Turtle Talk With Crush,turtle-talk-with-crush,,closed,False,queue_times
2026-03-04 11:21:20,2026-03-04,6,epcot,Canada Far and Wide in Circle-Vision 360,canada-far-and-wide-in-circle-vision-360,,closed,False,queue_times
2026-03-04 11:21:20,2026-03-04,6,epcot,Frozen Ever After,frozen-ever-after,,closed,False,queue_times
2026-03-04 11:21:20,2026-03-04,6,epcot,Gallery of Arts and History,gallery-of-arts-and-history,0.0,operating,False,queue_times
2026-03-04 11:21:20,2026-03-04,6,epcot,Gran Fiesta Tour Starring The Three Caballeros,gran-fiesta-tour-starring-the-three-caballeros,,closed,False,queue_times
2026-03-04 11:21:20,2026-03-04,6,epcot,House of the Whispering Willows,house-of-the-whispering-willows,0.0,operating,False,queue_times
2026-03-04 11:21:20,2026-03-04,6,epcot,Meet Anna and Elsa at Royal Sommerhus,meet-anna-and-elsa-at-royal-sommerhus,,closed,False,queue_times
2026-03-04 11:21:20,2026-03-04,6,epcot,Mexico Folk Art Gallery,mexico-folk-art-gallery,0.0,operating,False,queue_times
2026-03-04 11:21:20,2026-03-04,6,epcot,Remy's Ratatouille Adventure,remys-ratatouille-adventure,,closed,False,queue_times
2026-03-04 11:21:20,2026-03-04,6,epcot,Remy's Ratatouille Adventure Single Rider,remys-ratatouille-adventure-single-rider,,closed,False,queue_times
2026-03-04 11:21:20,2026-03-04,6,epcot,Stave Church Gallery,stave-church-gallery,0.0,operating,False,queue_times
2026-03-04 11:21:20,2026-03-04,6,hs,Meet Ariel at Walt Disney Presents,meet-ariel-at-walt-disney-presents,,closed,False,queue_times
2026-03-04 11:21:20,2026-03-04,6,hs,The Little Mermaid – A Musical Adventure – New!,the-little-mermaid-a-musical-adventure-new,0.0,operating,False,queue_times
2026-03-04 11:21:20,2026-03-04,6,hs,Walt Disney Presents,walt-disney-presents,,closed,False,queue_times
2026-03-04 11:21:20,2026-03-04,6,hs,Meet Disney Stars at Red Carpet Dreams,meet-disney-stars-at-red-carpet-dreams,,closed,False,queue_times
2026-03-04 11:21:20,2026-03-04,6,hs,For the First Time in Forever: A Frozen Sing-Along Celebration,for-the-first-time-in-forever-a-frozen-sing-along-celebration,0.0,operating,False,queue_times
2026-03-04 11:21:20,2026-03-04,6,hs,Indiana Jones™ Epic Stunt Spectacular!,indiana-jones-epic-stunt-spectacular,0.0,operating,False,queue_times
2026-03-04 11:21:20,2026-03-04,6,hs,Meet Olaf at Celebrity Spotlight,meet-olaf-at-celebrity-spotlight,,closed,False,queue_times
2026-03-04 11:21:20,2026-03-04,6,hs,Star Tours – The Adventures Continue,star-tours-the-adventures-continue,,closed,False,queue_times
2026-03-04 11:21:20,2026-03-04,6,hs,Vacation Fun - An Original Animated Short with Mickey & Minnie,vacation-fun-an-original-animated-short-with-mickey-minnie,,closed,False,queue_times
2026-03-04 11:21:20,2026-03-04,6,hs,Mickey & Minnie's Runaway Railway,mickey-minnies-runaway-railway,,closed,False,queue_times
2026-03-04 11:21:20,2026-03-04,6,hs,Meet Edna Mode at the Edna Mode Experience,meet-edna-mode-at-the-edna-mode-experience,,closed,False,queue_times
2026-03-04 11:21:20,2026-03-04,6,hs,Toy Story Mania!,toy-story-mania,,closed,False,queue_times
2026-03-04 11:21:20,2026-03-04,6,hs,Millennium Falcon: Smugglers Run,millennium-falcon-smugglers-run,,closed,False,queue_times
2026-03-04 11:21:20,2026-03-04,6,hs,Millennium Falcon: Smugglers Run Single Rider,millennium-falcon-smugglers-run-single-rider,,closed,False,queue_times
2026-03-04 11:21:20,2026-03-04,6,hs,Star Wars: Rise of the Resistance,star-wars-rise-of-the-resistance,,closed,False,queue_times
2026-03-04 11:21:20,2026-03-04,6,hs,Star Wars: Rise of the Resistance Single Rider,star-wars-rise-of-the-resistance-single-rider,,closed,False,queue_times
2026-03-04 11:21:20,2026-03-04,6,hs,Beauty and the Beast – Live on Stage,beauty-and-the-beast-live-on-stage,0.0,operating,False,queue_times
2026-03-04 11:21:20,2026-03-04,6,hs,Rock 'n' Roller Coaster Starring Aerosmith,rock-n-roller-coaster-starring-aerosmith,,closed,False,queue_times
2026-03-04 11:21:20,2026-03-04,6,hs,Rock 'n' Roller Coaster Starring Aerosmith Single Rider,rock-n-roller-coaster-starring-aerosmith-single-rider,,closed,False,queue_times
2026-03-04 11:21:20,2026-03-04,6,hs,The Twilight Zone Tower of Terror™,the-twilight-zone-tower-of-terror,,closed,False,queue_times
2026-03-04 11:21:20,2026-03-04,6,hs,Alien Swirling Saucers,alien-swirling-saucers,,closed,False,queue_times
2026-03-04 11:21:20,2026-03-04,6,hs,Slinky Dog Dash,slinky-dog-dash,,closed,False,queue_times
2026-03-04 11:21:20,2026-03-04,6,ak,Festival of the Lion King,festival-of-the-lion-king,0.0,operating,False,queue_times
2026-03-04 11:21:20,2026-03-04,6,ak,Gorilla Falls Exploration Trail,gorilla-falls-exploration-trail,,closed,False,queue_times
2026-03-04 11:21:20,2026-03-04,6,ak,Kilimanjaro Safaris,kilimanjaro-safaris,,closed,False,queue_times
2026-03-04 11:21:20,2026-03-04,6,ak,Wildlife Express Train,wildlife-express-train,,closed,False,queue_times
2026-03-04 11:21:20,2026-03-04,6,ak,Expedition Everest - Legend of the Forbidden Mountain,expedition-everest-legend-of-the-forbidden-mountain,,closed,False,queue_times
2026-03-04 11:21:20,2026-03-04,6,ak,Expedition Everest - Legend of the Forbidden Mountain Single Rider,expedition-everest-legend-of-the-forbidden-mountain-single-rider,,closed,False,queue_times
2026-03-04 11:21:20,2026-03-04,6,ak,Feathered Friends in Flight!,feathered-friends-in-flight,0.0,operating,False,queue_times
2026-03-04 11:21:20,2026-03-04,6,ak,Kali River Rapids,kali-river-rapids,,closed,False,queue_times
2026-03-04 11:21:20,2026-03-04,6,ak,DINOSAUR,dinosaur,,closed,False,queue_times
2026-03-04 11:21:20,2026-03-04,6,ak,Finding Nemo: The Big Blue... and Beyond!,finding-nemo-the-big-blue-and-beyond,0.0,operating,False,queue_times
2026-03-04 11:21:20,2026-03-04,6,ak,Discovery Island Trails,discovery-island-trails,0.0,operating,False,queue_times
2026-03-04 11:21:20,2026-03-04,6,ak,Meet Favorite Disney Pals at Adventurers Outpost,meet-favorite-disney-pals-at-adventurers-outpost,,closed,False,queue_times
2026-03-04 11:21:20,2026-03-04,6,ak,Meet Moana at Character Landing,meet-moana-at-character-landing,,closed,False,queue_times
2026-03-04 11:21:20,2026-03-04,6,ak,Tree of Life,tree-of-life,0.0,operating,False,queue_times
2026-03-04 11:21:20,2026-03-04,6,ak,Zootopia: Better Zoogether! - NEW!,zootopia-better-zoogether-new,,closed,False,queue_times
2026-03-04 11:21:20,2026-03-04,6,ak,Avatar Flight of Passage,avatar-flight-of-passage,,closed,False,queue_times
2026-03-04 11:21:20,2026-03-04,6,ak,Na'vi River Journey,navi-river-journey,,closed,False,queue_times
2026-03-04 11:21:20,2026-03-04,6,ak,Affection Section,affection-section,,closed,False,queue_times
2026-03-04 11:21:20,2026-03-04,6,ak,Animal Care at Conservation Station,animal-care-at-conservation-station,,closed,False,queue_times
2026-03-04 11:21:20,2026-03-04,6,ak,The Oasis Exhibits,the-oasis-exhibits,0.0,operating,False,queue_times
2026-03-04 11:21:20,2026-03-04,6,ak,Wilderness Explorers,wilderness-explorers,0.0,operating,False,queue_times
2026-03-04 11:21:20,2026-03-04,6,usf,Illumination Theater,illumination-theater,,closed,False,themeparks_wiki
2026-03-04 11:21:20,2026-03-04,6,usf,El Artista: A Spanish Haunting,el-artista-a-spanish-haunting,,closed,False,themeparks_wiki
2026-03-04 11:21:20,2026-03-04,6,usf,Gálkn: Monsters of the North,g-lkn-monsters-of-the-north,,closed,False,themeparks_wiki
2026-03-04 11:21:20,2026-03-04,6,usf,Dolls: Let’s Play Dead,dolls-lets-play-dead,,closed,False,themeparks_wiki
2026-03-04 11:21:20,2026-03-04,6,usf,Grave of Flesh,grave-of-flesh,,closed,False,themeparks_wiki
2026-03-04 11:21:20,2026-03-04,6,usf,Hatchet and Chains: Demon Bounty Hunters,hatchet-and-chains-demon-bounty-hunters,,closed,False,themeparks_wiki
2026-03-04 11:21:20,2026-03-04,6,usf,JASON UN1V3RSE,jason-un1v3rse,,closed,False,themeparks_wiki
2026-03-04 11:21:20,2026-03-04,6,usf,WWE Presents: The Horrors of the Wyatt Sicks,wwe-presents-the-horrors-of-the-wyatt-sicks,,closed,False,themeparks_wiki
2026-03-04 11:21:20,2026-03-04,6,usf,Terrifier,terrifier,,closed,False,themeparks_wiki
2026-03-04 11:21:20,2026-03-04,6,usf,Hogwarts™ Express - First Train,hogwarts-express-first-train,,closed,False,themeparks_wiki
2026-03-04 11:21:20,2026-03-04,6,usf,MEN IN BLACK™ Alien Attack!™,men-in-black-alien-attack,,closed,False,themeparks_wiki
2026-03-04 11:21:20,2026-03-04,6,usf,Five Nights At Freddy’s,five-nights-at-freddys,,closed,False,themeparks_wiki
2026-03-04 11:21:20,2026-03-04,6,usf,Revenge of the Mummy™,revenge-of-the-mummy,,closed,False,themeparks_wiki
2026-03-04 11:21:20,2026-03-04,6,usf,Despicable Me Minion Mayhem™,despicable-me-minion-mayhem,,closed,False,themeparks_wiki
2026-03-04 11:21:20,2026-03-04,6,usf,Fallout,fallout,,closed,False,themeparks_wiki
2026-03-04 11:21:20,2026-03-04,6,usf,E.T. Adventure™,e-t-adventure,,closed,False,themeparks_wiki
2026-03-04 11:21:20,2026-03-04,6,usf,TRANSFORMERS™: The Ride-3D,transformers-the-ride-3d,,closed,False,themeparks_wiki
2026-03-04 11:21:20,2026-03-04,6,usf,Illumination's Villain-Con Minion Blast,illuminations-villain-con-minion-blast,,closed,False,themeparks_wiki
2026-03-04 11:21:20,2026-03-04,6,usf,Fast & Furious - Supercharged™,fast-furious-supercharged,,closed,False,themeparks_wiki
2026-03-04 11:21:20,2026-03-04,6,usf,Hollywood Rip Ride Rockit™,hollywood-rip-ride-rockit,,closed,False,themeparks_wiki
2026-03-04 11:21:20,2026-03-04,6,usf,Race Through New York Starring Jimmy Fallon™,race-through-new-york-starring-jimmy-fallon,,closed,False,themeparks_wiki
2026-03-04 11:21:20,2026-03-04,6,usf,Hogwarts™ Express - King's Cross Station,hogwarts-express-kings-cross-station,,closed,False,themeparks_wiki
2026-03-04 11:21:20,2026-03-04,6,usf,Kang & Kodos' Twirl 'n' Hurl,kang-kodos-twirl-n-hurl,,closed,False,themeparks_wiki
2026-03-04 11:21:20,2026-03-04,6,usf,The Simpsons Ride™,the-simpsons-ride,,closed,False,themeparks_wiki
2026-03-04 11:21:20,2026-03-04,6,usf,Trolls Trollercoaster,trolls-trollercoaster,,closed,False,themeparks_wiki
2026-03-04 11:21:20,2026-03-04,6,usf,Harry Potter and the Escape from Gringotts™,harry-potter-and-the-escape-from-gringotts,,closed,False,themeparks_wiki
2026-03-04 11:21:20,2026-03-04,6,ioa,Jurassic Park Discovery Center™,jurassic-park-discovery-center,,closed,False,themeparks_wiki
2026-03-04 11:21:20,2026-03-04,6,ioa,Pteranodon Flyers™,pteranodon-flyers,,closed,False,themeparks_wiki
2026-03-04 11:21:20,2026-03-04,6,ioa,Camp Jurassic™,camp-jurassic,,closed,False,themeparks_wiki
2026-03-04 11:21:20,2026-03-04,6,ioa,If I Ran The Zoo™,if-i-ran-the-zoo,,closed,False,themeparks_wiki
2026-03-04 11:21:20,2026-03-04,6,ioa,Jurassic Park River Adventure™,jurassic-park-river-adventure,,closed,False,themeparks_wiki
2026-03-04 11:21:20,2026-03-04,6,ioa,The Cat in The Hat™,the-cat-in-the-hat,,closed,False,themeparks_wiki
2026-03-04 11:21:20,2026-03-04,6,ioa,Harry Potter and the Forbidden Journey™,harry-potter-and-the-forbidden-journey,,closed,False,themeparks_wiki
2026-03-04 11:21:20,2026-03-04,6,ioa,The Incredible Hulk Coaster®,the-incredible-hulk-coaster,,closed,False,themeparks_wiki
2026-03-04 11:21:20,2026-03-04,6,ioa,Skull Island: Reign of Kong™,skull-island-reign-of-kong,,closed,False,themeparks_wiki
2026-03-04 11:21:20,2026-03-04,6,ioa,Popeye & Bluto's Bilge-Rat Barges®,popeye-blutos-bilge-rat-barges,,closed,False,themeparks_wiki
2026-03-04 11:21:20,2026-03-04,6,ioa,Flight of the Hippogriff™,flight-of-the-hippogriff,,closed,False,themeparks_wiki
2026-03-04 11:21:20,2026-03-04,6,ioa,Storm Force Accelatron®,storm-force-accelatron,,closed,False,themeparks_wiki
2026-03-04 11:21:20,2026-03-04,6,ioa,The Amazing Adventures of Spider-Man®,the-amazing-adventures-of-spider-man,,closed,False,themeparks_wiki
2026-03-04 11:21:20,2026-03-04,6,ioa,The High in the Sky Seuss Trolley Train Ride!™,the-high-in-the-sky-seuss-trolley-train-ride,,closed,False,themeparks_wiki
2026-03-04 11:21:20,2026-03-04,6,ioa,Caro-Seuss-el™,caro-seuss-el,,closed,False,themeparks_wiki
2026-03-04 11:21:20,2026-03-04,6,ioa,Dudley Do-Right's Ripsaw Falls®,dudley-do-rights-ripsaw-falls,,closed,False,themeparks_wiki
2026-03-04 11:21:20,2026-03-04,6,ioa,Doctor Doom's Fearfall®,doctor-dooms-fearfall,,closed,False,themeparks_wiki
2026-03-04 11:21:20,2026-03-04,6,ioa,"One Fish, Two Fish, Red Fish, Blue Fish™",one-fish-two-fish-red-fish-blue-fish,,closed,False,themeparks_wiki
2026-03-04 11:21:20,2026-03-04,6,ioa,Jurassic World VelociCoaster,jurassic-world-velocicoaster,,closed,False,themeparks_wiki
2026-03-04 11:21:20,2026-03-04,6,ioa,Hogwarts™ Express - Hogsmeade™ Station,hogwarts-express-hogsmeade-station,,closed,False,themeparks_wiki
2026-03-04 11:21:20,2026-03-04,6,ioa,Hagrid's Magical Creatures Motorbike Adventure™,hagrids-magical-creatures-motorbike-adventure,,closed,False,themeparks_wiki
2026-03-04 11:21:20,2026-03-04,6,vb,Krakatau™ Aqua Coaster,krakatau-aqua-coaster,,closed,False,themeparks_wiki
2026-03-04 11:21:20,2026-03-04,6,vb,Punga Racers™,punga-racers,,closed,False,themeparks_wiki
2026-03-04 11:21:20,2026-03-04,6,vb,Kala & Tai Nui Serpentine Body Slides™,kala-tai-nui-serpentine-body-slides,,closed,False,themeparks_wiki
2026-03-04 11:21:20,2026-03-04,6,vb,Tonga of Taniwha Tubes™,tonga-of-taniwha-tubes,,closed,False,themeparks_wiki
2026-03-04 11:21:20,2026-03-04,6,vb,Ko'okiri Body Plunge™,kookiri-body-plunge,,closed,False,themeparks_wiki
2026-03-04 11:21:20,2026-03-04,6,vb,ika Moana of Honu ika Moana™,ika-moana-of-honu-ika-moana,,closed,False,themeparks_wiki
2026-03-04 11:21:20,2026-03-04,6,vb,The Reef,the-reef,,closed,False,themeparks_wiki
2026-03-04 11:21:20,2026-03-04,6,vb,Puka Uli Lagoon™,puka-uli-lagoon,,closed,False,themeparks_wiki
2026-03-04 11:21:20,2026-03-04,6,vb,Maku of Maku Puihi Round Raft Rides™,maku-of-maku-puihi-round-raft-rides,,closed,False,themeparks_wiki
2026-03-04 11:21:20,2026-03-04,6,vb,Kopiko Wai Winding River™,kopiko-wai-winding-river,,closed,False,themeparks_wiki
2026-03-04 11:21:20,2026-03-04,6,vb,Ohyah of the Ohyah and Ohno Drop Slides™,ohyah-of-the-ohyah-and-ohno-drop-slides,,closed,False,themeparks_wiki
2026-03-04 11:21:20,2026-03-04,6,vb,TeAwa The Fearless River™,teawa-the-fearless-river,,closed,False,themeparks_wiki
2026-03-04 11:21:20,2026-03-04,6,vb,Runamukka Reef™,runamukka-reef,,closed,False,themeparks_wiki
2026-03-04 11:21:20,2026-03-04,6,vb,Raki of Taniwha Tubes™,raki-of-taniwha-tubes,,closed,False,themeparks_wiki
2026-03-04 11:21:20,2026-03-04,6,vb,Ohno of the Ohyah and Ohno Drop Slides™,ohno-of-the-ohyah-and-ohno-drop-slides,,closed,False,themeparks_wiki
2026-03-04 11:21:20,2026-03-04,6,vb,Waturi Beach,waturi-beach,,closed,False,themeparks_wiki
2026-03-04 11:21:20,2026-03-04,6,vb,Puihi of Maku Puihi Round Raft Rides™,puihi-of-maku-puihi-round-raft-rides,,closed,False,themeparks_wiki
2026-03-04 11:21:20,2026-03-04,6,vb,Honu of Honu ika Moana™,honu-of-honu-ika-moana,,closed,False,themeparks_wiki
2026-03-04 11:21:20,2026-03-04,6,vb,Tot Tiki Reef™,tot-tiki-reef,,closed,False,themeparks_wiki
2026-03-04 12:28:51,2026-03-04,7,mk,Tiana's Bayou Adventure,tianas-bayou-adventure,,closed,False,themeparks_wiki
2026-03-04 12:28:51,2026-03-04,7,mk,Enchanted Tales with Belle,enchanted-tales-with-belle,,closed,False,themeparks_wiki
2026-03-04 12:28:51,2026-03-04,7,mk,Pirates of the Caribbean,pirates-of-the-caribbean,,closed,False,themeparks_wiki
2026-03-04 12:28:51,2026-03-04,7,mk,Jungle Cruise,jungle-cruise,,closed,False,themeparks_wiki
2026-03-04 12:28:51,2026-03-04,7,mk,Casey Jr. Splash 'N' Soak Station,casey-jr-splash-n-soak-station,,operating,False,themeparks_wiki
2026-03-04 12:28:51,2026-03-04,7,mk,"""it's a small world""",its-a-small-world,,closed,False,themeparks_wiki
2026-03-04 12:28:51,2026-03-04,7,mk,Prince Charming Regal Carrousel,prince-charming-regal-carrousel,,closed,False,themeparks_wiki
2026-03-04 12:28:51,2026-03-04,7,mk,Dumbo the Flying Elephant,dumbo-the-flying-elephant,,closed,False,themeparks_wiki
2026-03-04 12:28:51,2026-03-04,7,mk,Peter Pan's Flight,peter-pans-flight,,closed,False,themeparks_wiki
2026-03-04 12:28:51,2026-03-04,7,mk,Tomorrowland Speedway,tomorrowland-speedway,,closed,False,themeparks_wiki
2026-03-04 12:28:51,2026-03-04,7,mk,The Barnstormer,the-barnstormer,,closed,False,themeparks_wiki
2026-03-04 12:28:51,2026-03-04,7,mk,Haunted Mansion,haunted-mansion,,closed,False,themeparks_wiki
2026-03-04 12:28:51,2026-03-04,7,mk,Space Mountain,space-mountain,,closed,False,themeparks_wiki
2026-03-04 12:28:51,2026-03-04,7,mk,The Magic Carpets of Aladdin,the-magic-carpets-of-aladdin,,closed,False,themeparks_wiki
2026-03-04 12:28:51,2026-03-04,7,mk,Tomorrowland Transit Authority PeopleMover,tomorrowland-transit-authority-peoplemover,,closed,False,themeparks_wiki
2026-03-04 12:28:51,2026-03-04,7,mk,The Many Adventures of Winnie the Pooh,the-many-adventures-of-winnie-the-pooh,,closed,False,themeparks_wiki
2026-03-04 12:28:51,2026-03-04,7,mk,Seven Dwarfs Mine Train,seven-dwarfs-mine-train,,closed,True,themeparks_wiki
2026-03-04 12:28:51,2026-03-04,7,mk,Big Thunder Mountain Railroad,big-thunder-mountain-railroad,,refurbishment,False,themeparks_wiki
2026-03-04 12:28:51,2026-03-04,7,mk,Cinderella Castle,cinderella-castle,,operating,False,themeparks_wiki
2026-03-04 12:28:51,2026-03-04,7,mk,Main Street Vehicles,main-street-vehicles,,closed,False,themeparks_wiki
2026-03-04 12:28:51,2026-03-04,7,mk,Mickey's PhilharMagic,mickeys-philharmagic,,closed,False,themeparks_wiki
2026-03-04 12:28:51,2026-03-04,7,mk,A Pirate's Adventure ~ Treasures of the Seven Seas,a-pirates-adventure-treasures-of-the-seven-seas,,closed,False,themeparks_wiki
2026-03-04 12:28:51,2026-03-04,7,mk,Astro Orbiter,astro-orbiter,,closed,False,themeparks_wiki
2026-03-04 12:28:51,2026-03-04,7,mk,Walt Disney's Carousel of Progress,walt-disneys-carousel-of-progress,,closed,False,themeparks_wiki
2026-03-04 12:28:51,2026-03-04,7,mk,Walt Disney World Railroad - Fantasyland,walt-disney-world-railroad-fantasyland,,closed,False,themeparks_wiki
2026-03-04 12:28:51,2026-03-04,7,mk,Mad Tea Party,mad-tea-party,,closed,False,themeparks_wiki
2026-03-04 12:28:51,2026-03-04,7,mk,Buzz Lightyear's Space Ranger Spin,buzz-lightyears-space-ranger-spin,,refurbishment,False,themeparks_wiki
2026-03-04 12:28:51,2026-03-04,7,mk,Country Bear Musical Jamboree,country-bear-musical-jamboree,,closed,False,themeparks_wiki
2026-03-04 12:28:51,2026-03-04,7,mk,Under the Sea - Journey of The Little Mermaid,under-the-sea-journey-of-the-little-mermaid,,closed,False,themeparks_wiki
2026-03-04 12:28:51,2026-03-04,7,mk,"Walt Disney World Railroad - Main Street, U.S.A.",walt-disney-world-railroad-main-street-u-s-a,,closed,False,themeparks_wiki
2026-03-04 12:28:51,2026-03-04,7,mk,Swiss Family Treehouse,swiss-family-treehouse,,closed,False,themeparks_wiki
2026-03-04 12:28:51,2026-03-04,7,mk,The Hall of Presidents,the-hall-of-presidents,,closed,False,themeparks_wiki
2026-03-04 12:28:51,2026-03-04,7,mk,Monsters Inc. Laugh Floor,monsters-inc-laugh-floor,,closed,False,themeparks_wiki
2026-03-04 12:28:51,2026-03-04,7,mk,Walt Disney's Enchanted Tiki Room,walt-disneys-enchanted-tiki-room,,closed,False,themeparks_wiki
2026-03-04 12:28:51,2026-03-04,7,mk,TRON Lightcycle / Run,tron-lightcycle-run,,closed,True,themeparks_wiki
2026-03-04 12:28:51,2026-03-04,7,epcot,American Heritage Gallery,american-heritage-gallery,0.0,operating,False,queue_times
2026-03-04 12:28:51,2026-03-04,7,epcot,Kidcot Fun Stops,kidcot-fun-stops,0.0,operating,False,queue_times
2026-03-04 12:28:51,2026-03-04,7,epcot,Palais du Cinéma,palais-du-cin-ma,0.0,operating,False,queue_times
2026-03-04 12:28:51,2026-03-04,7,epcot,"ImageWorks - The ""What If"" Labs",imageworks-the-what-if-labs,0.0,operating,False,queue_times
2026-03-04 12:28:51,2026-03-04,7,epcot,Bijutsu-kan Gallery,bijutsu-kan-gallery,0.0,operating,False,queue_times
2026-03-04 12:28:51,2026-03-04,7,epcot,Disney and Pixar Short Film Festival,disney-and-pixar-short-film-festival,,closed,False,queue_times
2026-03-04 12:28:51,2026-03-04,7,epcot,Journey Into Imagination With Figment,journey-into-imagination-with-figment,,closed,False,queue_times
2026-03-04 12:28:51,2026-03-04,7,epcot,Meet Beloved Disney Pals at Mickey & Friends,meet-beloved-disney-pals-at-mickey-friends,,closed,False,queue_times
2026-03-04 12:28:51,2026-03-04,7,epcot,Project Tomorrow: Inventing the Wonders of the Future,project-tomorrow-inventing-the-wonders-of-the-future,0.0,operating,False,queue_times
2026-03-04 12:28:51,2026-03-04,7,epcot,Spaceship Earth,spaceship-earth,,closed,False,queue_times
2026-03-04 12:28:51,2026-03-04,7,epcot,Advanced Training Lab,advanced-training-lab,0.0,operating,False,queue_times
2026-03-04 12:28:51,2026-03-04,7,epcot,Guardians of the Galaxy: Cosmic Rewind,guardians-of-the-galaxy-cosmic-rewind,,closed,False,queue_times
2026-03-04 12:28:51,2026-03-04,7,epcot,Mission: SPACE,mission-space,,closed,False,queue_times
2026-03-04 12:28:51,2026-03-04,7,epcot,Test Track,test-track,,closed,False,queue_times
2026-03-04 12:28:51,2026-03-04,7,epcot,Test Track Presented by Chevrolet Single Rider,test-track-presented-by-chevrolet-single-rider,,closed,False,queue_times
2026-03-04 12:28:51,2026-03-04,7,epcot,Awesome Planet,awesome-planet,,closed,False,queue_times
2026-03-04 12:28:51,2026-03-04,7,epcot,Bruce's Shark World,bruces-shark-world,0.0,operating,False,queue_times
2026-03-04 12:28:51,2026-03-04,7,epcot,"Journey of Water, Inspired by Moana",journey-of-water-inspired-by-moana,,closed,False,queue_times
2026-03-04 12:28:51,2026-03-04,7,epcot,Living with the Land,living-with-the-land,,closed,False,queue_times
2026-03-04 12:28:51,2026-03-04,7,epcot,SeaBase Aquarium,seabase-aquarium,0.0,operating,False,queue_times
2026-03-04 12:28:51,2026-03-04,7,epcot,Soarin' Around the World,soarin-around-the-world,,closed,False,queue_times
2026-03-04 12:28:51,2026-03-04,7,epcot,The Seas with Nemo & Friends,the-seas-with-nemo-friends,,closed,False,queue_times
2026-03-04 12:28:51,2026-03-04,7,epcot,Turtle Talk With Crush,turtle-talk-with-crush,,closed,False,queue_times
2026-03-04 12:28:51,2026-03-04,7,epcot,Canada Far and Wide in Circle-Vision 360,canada-far-and-wide-in-circle-vision-360,,closed,False,queue_times
2026-03-04 12:28:51,2026-03-04,7,epcot,Frozen Ever After,frozen-ever-after,,closed,False,queue_times
2026-03-04 12:28:51,2026-03-04,7,epcot,Gallery of Arts and History,gallery-of-arts-and-history,0.0,operating,False,queue_times
2026-03-04 12:28:51,2026-03-04,7,epcot,Gran Fiesta Tour Starring The Three Caballeros,gran-fiesta-tour-starring-the-three-caballeros,,closed,False,queue_times
2026-03-04 12:28:51,2026-03-04,7,epcot,House of the Whispering Willows,house-of-the-whispering-willows,0.0,operating,False,queue_times
2026-03-04 12:28:51,2026-03-04,7,epcot,Meet Anna and Elsa at Royal Sommerhus,meet-anna-and-elsa-at-royal-sommerhus,,closed,False,queue_times
2026-03-04 12:28:51,2026-03-04,7,epcot,Mexico Folk Art Gallery,mexico-folk-art-gallery,0.0,operating,False,queue_times
2026-03-04 12:28:51,2026-03-04,7,epcot,Remy's Ratatouille Adventure,remys-ratatouille-adventure,,closed,False,queue_times
2026-03-04 12:28:51,2026-03-04,7,epcot,Remy's Ratatouille Adventure Single Rider,remys-ratatouille-adventure-single-rider,,closed,False,queue_times
2026-03-04 12:28:51,2026-03-04,7,epcot,Stave Church Gallery,stave-church-gallery,0.0,operating,False,queue_times
2026-03-04 12:28:51,2026-03-04,7,hs,Meet Ariel at Walt Disney Presents,meet-ariel-at-walt-disney-presents,,closed,False,queue_times
2026-03-04 12:28:51,2026-03-04,7,hs,The Little Mermaid – A Musical Adventure – New!,the-little-mermaid-a-musical-adventure-new,0.0,operating,False,queue_times
2026-03-04 12:28:51,2026-03-04,7,hs,Walt Disney Presents,walt-disney-presents,,closed,False,queue_times
2026-03-04 12:28:51,2026-03-04,7,hs,Meet Disney Stars at Red Carpet Dreams,meet-disney-stars-at-red-carpet-dreams,,closed,False,queue_times
2026-03-04 12:28:51,2026-03-04,7,hs,For the First Time in Forever: A Frozen Sing-Along Celebration,for-the-first-time-in-forever-a-frozen-sing-along-celebration,0.0,operating,False,queue_times
2026-03-04 12:28:51,2026-03-04,7,hs,Indiana Jones™ Epic Stunt Spectacular!,indiana-jones-epic-stunt-spectacular,0.0,operating,False,queue_times
2026-03-04 12:28:51,2026-03-04,7,hs,Meet Olaf at Celebrity Spotlight,meet-olaf-at-celebrity-spotlight,,closed,False,queue_times
2026-03-04 12:28:51,2026-03-04,7,hs,Star Tours – The Adventures Continue,star-tours-the-adventures-continue,,closed,False,queue_times
2026-03-04 12:28:51,2026-03-04,7,hs,Vacation Fun - An Original Animated Short with Mickey & Minnie,vacation-fun-an-original-animated-short-with-mickey-minnie,,closed,False,queue_times
2026-03-04 12:28:51,2026-03-04,7,hs,Mickey & Minnie's Runaway Railway,mickey-minnies-runaway-railway,,closed,False,queue_times
2026-03-04 12:28:51,2026-03-04,7,hs,Meet Edna Mode at the Edna Mode Experience,meet-edna-mode-at-the-edna-mode-experience,,closed,False,queue_times
2026-03-04 12:28:51,2026-03-04,7,hs,Toy Story Mania!,toy-story-mania,,closed,False,queue_times
2026-03-04 12:28:51,2026-03-04,7,hs,Millennium Falcon: Smugglers Run,millennium-falcon-smugglers-run,,closed,False,queue_times
2026-03-04 12:28:51,2026-03-04,7,hs,Millennium Falcon: Smugglers Run Single Rider,millennium-falcon-smugglers-run-single-rider,,closed,False,queue_times
2026-03-04 12:28:51,2026-03-04,7,hs,Star Wars: Rise of the Resistance,star-wars-rise-of-the-resistance,,closed,False,queue_times
2026-03-04 12:28:51,2026-03-04,7,hs,Star Wars: Rise of the Resistance Single Rider,star-wars-rise-of-the-resistance-single-rider,,closed,False,queue_times
2026-03-04 12:28:51,2026-03-04,7,hs,Beauty and the Beast – Live on Stage,beauty-and-the-beast-live-on-stage,0.0,operating,False,queue_times
2026-03-04 12:28:51,2026-03-04,7,hs,Rock 'n' Roller Coaster Starring Aerosmith,rock-n-roller-coaster-starring-aerosmith,,closed,False,queue_times
2026-03-04 12:28:51,2026-03-04,7,hs,Rock 'n' Roller Coaster Starring Aerosmith Single Rider,rock-n-roller-coaster-starring-aerosmith-single-rider,,closed,False,queue_times
2026-03-04 12:28:51,2026-03-04,7,hs,The Twilight Zone Tower of Terror™,the-twilight-zone-tower-of-terror,,closed,False,queue_times
2026-03-04 12:28:51,2026-03-04,7,hs,Alien Swirling Saucers,alien-swirling-saucers,,closed,False,queue_times
2026-03-04 12:28:51,2026-03-04,7,hs,Slinky Dog Dash,slinky-dog-dash,,closed,False,queue_times
2026-03-04 12:28:51,2026-03-04,7,ak,Festival of the Lion King,festival-of-the-lion-king,0.0,operating,False,queue_times
2026-03-04 12:28:51,2026-03-04,7,ak,Gorilla Falls Exploration Trail,gorilla-falls-exploration-trail,,closed,False,queue_times
2026-03-04 12:28:51,2026-03-04,7,ak,Kilimanjaro Safaris,kilimanjaro-safaris,,closed,False,queue_times
2026-03-04 12:28:51,2026-03-04,7,ak,Wildlife Express Train,wildlife-express-train,,closed,False,queue_times
2026-03-04 12:28:51,2026-03-04,7,ak,Expedition Everest - Legend of the Forbidden Mountain,expedition-everest-legend-of-the-forbidden-mountain,,closed,False,queue_times
2026-03-04 12:28:51,2026-03-04,7,ak,Expedition Everest - Legend of the Forbidden Mountain Single Rider,expedition-everest-legend-of-the-forbidden-mountain-single-rider,,closed,False,queue_times
2026-03-04 12:28:51,2026-03-04,7,ak,Feathered Friends in Flight!,feathered-friends-in-flight,0.0,operating,False,queue_times
2026-03-04 12:28:51,2026-03-04,7,ak,Kali River Rapids,kali-river-rapids,,closed,False,queue_times
2026-03-04 12:28:51,2026-03-04,7,ak,DINOSAUR,dinosaur,,closed,False,queue_times
2026-03-04 12:28:51,2026-03-04,7,ak,Finding Nemo: The Big Blue... and Beyond!,finding-nemo-the-big-blue-and-beyond,0.0,operating,False,queue_times
2026-03-04 12:28:51,2026-03-04,7,ak,Discovery Island Trails,discovery-island-trails,0.0,operating,False,queue_times
2026-03-04 12:28:51,2026-03-04,7,ak,Meet Favorite Disney Pals at Adventurers Outpost,meet-favorite-disney-pals-at-adventurers-outpost,,closed,False,queue_times
2026-03-04 12:28:51,2026-03-04,7,ak,Meet Moana at Character Landing,meet-moana-at-character-landing,,closed,False,queue_times
2026-03-04 12:28:51,2026-03-04,7,ak,Tree of Life,tree-of-life,0.0,operating,False,queue_times
2026-03-04 12:28:51,2026-03-04,7,ak,Zootopia: Better Zoogether! - NEW!,zootopia-better-zoogether-new,,closed,False,queue_times
2026-03-04 12:28:51,2026-03-04,7,ak,Avatar Flight of Passage,avatar-flight-of-passage,,closed,False,queue_times
2026-03-04 12:28:51,2026-03-04,7,ak,Na'vi River Journey,navi-river-journey,,closed,False,queue_times
2026-03-04 12:28:51,2026-03-04,7,ak,Affection Section,affection-section,,closed,False,queue_times
2026-03-04 12:28:51,2026-03-04,7,ak,Animal Care at Conservation Station,animal-care-at-conservation-station,,closed,False,queue_times
2026-03-04 12:28:51,2026-03-04,7,ak,The Oasis Exhibits,the-oasis-exhibits,0.0,operating,False,queue_times
2026-03-04 12:28:51,2026-03-04,7,ak,Wilderness Explorers,wilderness-explorers,0.0,operating,False,queue_times
2026-03-04 12:28:51,2026-03-04,7,usf,Illumination Theater,illumination-theater,,closed,False,themeparks_wiki
2026-03-04 12:28:51,2026-03-04,7,usf,El Artista: A Spanish Haunting,el-artista-a-spanish-haunting,,closed,False,themeparks_wiki
2026-03-04 12:28:51,2026-03-04,7,usf,Gálkn: Monsters of the North,g-lkn-monsters-of-the-north,,closed,False,themeparks_wiki
2026-03-04 12:28:51,2026-03-04,7,usf,Dolls: Let’s Play Dead,dolls-lets-play-dead,,closed,False,themeparks_wiki
2026-03-04 12:28:51,2026-03-04,7,usf,Grave of Flesh,grave-of-flesh,,closed,False,themeparks_wiki
2026-03-04 12:28:51,2026-03-04,7,usf,Hatchet and Chains: Demon Bounty Hunters,hatchet-and-chains-demon-bounty-hunters,,closed,False,themeparks_wiki
2026-03-04 12:28:51,2026-03-04,7,usf,JASON UN1V3RSE,jason-un1v3rse,,closed,False,themeparks_wiki
2026-03-04 12:28:51,2026-03-04,7,usf,WWE Presents: The Horrors of the Wyatt Sicks,wwe-presents-the-horrors-of-the-wyatt-sicks,,closed,False,themeparks_wiki
2026-03-04 12:28:51,2026-03-04,7,usf,Terrifier,terrifier,,closed,False,themeparks_wiki
2026-03-04 12:28:51,2026-03-04,7,usf,Hogwarts™ Express - First Train,hogwarts-express-first-train,,closed,False,themeparks_wiki
2026-03-04 12:28:51,2026-03-04,7,usf,MEN IN BLACK™ Alien Attack!™,men-in-black-alien-attack,,closed,False,themeparks_wiki
2026-03-04 12:28:51,2026-03-04,7,usf,Five Nights At Freddy’s,five-nights-at-freddys,,closed,False,themeparks_wiki
2026-03-04 12:28:51,2026-03-04,7,usf,Revenge of the Mummy™,revenge-of-the-mummy,,closed,False,themeparks_wiki
2026-03-04 12:28:51,2026-03-04,7,usf,Despicable Me Minion Mayhem™,despicable-me-minion-mayhem,,closed,False,themeparks_wiki
2026-03-04 12:28:51,2026-03-04,7,usf,Fallout,fallout,,closed,False,themeparks_wiki
2026-03-04 12:28:51,2026-03-04,7,usf,E.T. Adventure™,e-t-adventure,,closed,False,themeparks_wiki
2026-03-04 12:28:51,2026-03-04,7,usf,TRANSFORMERS™: The Ride-3D,transformers-the-ride-3d,,closed,False,themeparks_wiki
2026-03-04 12:28:51,2026-03-04,7,usf,Illumination's Villain-Con Minion Blast,illuminations-villain-con-minion-blast,,closed,False,themeparks_wiki
2026-03-04 12:28:51,2026-03-04,7,usf,Fast & Furious - Supercharged™,fast-furious-supercharged,,closed,False,themeparks_wiki
2026-03-04 12:28:51,2026-03-04,7,usf,Hollywood Rip Ride Rockit™,hollywood-rip-ride-rockit,,closed,False,themeparks_wiki
2026-03-04 12:28:51,2026-03-04,7,usf,Race Through New York Starring Jimmy Fallon™,race-through-new-york-starring-jimmy-fallon,,closed,False,themeparks_wiki
2026-03-04 12:28:51,2026-03-04,7,usf,Hogwarts™ Express - King's Cross Station,hogwarts-express-kings-cross-station,,closed,False,themeparks_wiki
2026-03-04 12:28:51,2026-03-04,7,usf,Kang & Kodos' Twirl 'n' Hurl,kang-kodos-twirl-n-hurl,,closed,False,themeparks_wiki
2026-03-04 12:28:51,2026-03-04,7,usf,The Simpsons Ride™,the-simpsons-ride,,closed,False,themeparks_wiki
2026-03-04 12:28:51,2026-03-04,7,usf,Trolls Trollercoaster,trolls-trollercoaster,,closed,False,themeparks_wiki
2026-03-04 12:28:51,2026-03-04,7,usf,Harry Potter and the Escape from Gringotts™,harry-potter-and-the-escape-from-gringotts,,closed,False,themeparks_wiki
2026-03-04 12:28:51,2026-03-04,7,ioa,Jurassic Park Discovery Center™,jurassic-park-discovery-center,,closed,False,themeparks_wiki
2026-03-04 12:28:51,2026-03-04,7,ioa,Pteranodon Flyers™,pteranodon-flyers,,closed,False,themeparks_wiki
2026-03-04 12:28:51,2026-03-04,7,ioa,Camp Jurassic™,camp-jurassic,,closed,False,themeparks_wiki
2026-03-04 12:28:51,2026-03-04,7,ioa,If I Ran The Zoo™,if-i-ran-the-zoo,,closed,False,themeparks_wiki
2026-03-04 12:28:51,2026-03-04,7,ioa,Jurassic Park River Adventure™,jurassic-park-river-adventure,,closed,False,themeparks_wiki
2026-03-04 12:28:51,2026-03-04,7,ioa,The Cat in The Hat™,the-cat-in-the-hat,,closed,False,themeparks_wiki
2026-03-04 12:28:51,2026-03-04,7,ioa,Harry Potter and the Forbidden Journey™,harry-potter-and-the-forbidden-journey,,closed,False,themeparks_wiki
2026-03-04 12:28:51,2026-03-04,7,ioa,The Incredible Hulk Coaster®,the-incredible-hulk-coaster,,closed,False,themeparks_wiki
2026-03-04 12:28:51,2026-03-04,7,ioa,Skull Island: Reign of Kong™,skull-island-reign-of-kong,,closed,False,themeparks_wiki
2026-03-04 12:28:51,2026-03-04,7,ioa,Popeye & Bluto's Bilge-Rat Barges®,popeye-blutos-bilge-rat-barges,,closed,False,themeparks_wiki
2026-03-04 12:28:51,2026-03-04,7,ioa,Flight of the Hippogriff™,flight-of-the-hippogriff,,closed,False,themeparks_wiki
2026-03-04 12:28:51,2026-03-04,7,ioa,Storm Force Accelatron®,storm-force-accelatron,,closed,False,themeparks_wiki
2026-03-04 12:28:51,2026-03-04,7,ioa,The Amazing Adventures of Spider-Man®,the-amazing-adventures-of-spider-man,,closed,False,themeparks_wiki
2026-03-04 12:28:51,2026-03-04,7,ioa,The High in the Sky Seuss Trolley Train Ride!™,the-high-in-the-sky-seuss-trolley-train-ride,,closed,False,themeparks_wiki
2026-03-04 12:28:51,2026-03-04,7,ioa,Caro-Seuss-el™,caro-seuss-el,,closed,False,themeparks_wiki
2026-03-04 12:28:51,2026-03-04,7,ioa,Dudley Do-Right's Ripsaw Falls®,dudley-do-rights-ripsaw-falls,,closed,False,themeparks_wiki
2026-03-04 12:28:51,2026-03-04,7,ioa,Doctor Doom's Fearfall®,doctor-dooms-fearfall,,closed,False,themeparks_wiki
2026-03-04 12:28:51,2026-03-04,7,ioa,"One Fish, Two Fish, Red Fish, Blue Fish™",one-fish-two-fish-red-fish-blue-fish,,closed,False,themeparks_wiki
2026-03-04 12:28:51,2026-03-04,7,ioa,Jurassic World VelociCoaster,jurassic-world-velocicoaster,,closed,False,themeparks_wiki
2026-03-04 12:28:51,2026-03-04,7,ioa,Hogwarts™ Express - Hogsmeade™ Station,hogwarts-express-hogsmeade-station,,closed,False,themeparks_wiki
2026-03-04 12:28:51,2026-03-04,7,ioa,Hagrid's Magical Creatures Motorbike Adventure™,hagrids-magical-creatures-motorbike-adventure,,closed,False,themeparks_wiki
2026-03-04 12:28:51,2026-03-04,7,vb,Krakatau™ Aqua Coaster,krakatau-aqua-coaster,,closed,False,themeparks_wiki
2026-03-04 12:28:51,2026-03-04,7,vb,Punga Racers™,punga-racers,,closed,False,themeparks_wiki
2026-03-04 12:28:51,2026-03-04,7,vb,Kala & Tai Nui Serpentine Body Slides™,kala-tai-nui-serpentine-body-slides,,closed,False,themeparks_wiki
2026-03-04 12:28:51,2026-03-04,7,vb,Tonga of Taniwha Tubes™,tonga-of-taniwha-tubes,,closed,False,themeparks_wiki
2026-03-04 12:28:51,2026-03-04,7,vb,Ko'okiri Body Plunge™,kookiri-body-plunge,,closed,False,themeparks_wiki
2026-03-04 12:28:51,2026-03-04,7,vb,ika Moana of Honu ika Moana™,ika-moana-of-honu-ika-moana,,closed,False,themeparks_wiki
2026-03-04 12:28:51,2026-03-04,7,vb,The Reef,the-reef,,closed,False,themeparks_wiki
2026-03-04 12:28:51,2026-03-04,7,vb,Puka Uli Lagoon™,puka-uli-lagoon,,closed,False,themeparks_wiki
2026-03-04 12:28:51,2026-03-04,7,vb,Maku of Maku Puihi Round Raft Rides™,maku-of-maku-puihi-round-raft-rides,,closed,False,themeparks_wiki
2026-03-04 12:28:51,2026-03-04,7,vb,Kopiko Wai Winding River™,kopiko-wai-winding-river,,closed,False,themeparks_wiki
2026-03-04 12:28:51,2026-03-04,7,vb,Ohyah of the Ohyah and Ohno Drop Slides™,ohyah-of-the-ohyah-and-ohno-drop-slides,,closed,False,themeparks_wiki
2026-03-04 12:28:51,2026-03-04,7,vb,TeAwa The Fearless River™,teawa-the-fearless-river,,closed,False,themeparks_wiki
2026-03-04 12:28:51,2026-03-04,7,vb,Runamukka Reef™,runamukka-reef,,closed,False,themeparks_wiki
2026-03-04 12:28:51,2026-03-04,7,vb,Raki of Taniwha Tubes™,raki-of-taniwha-tubes,,closed,False,themeparks_wiki
2026-03-04 12:28:51,2026-03-04,7,vb,Ohno of the Ohyah and Ohno Drop Slides™,ohno-of-the-ohyah-and-ohno-drop-slides,,closed,False,themeparks_wiki
2026-03-04 12:28:51,2026-03-04,7,vb,Waturi Beach,waturi-beach,,closed,False,themeparks_wiki
2026-03-04 12:28:51,2026-03-04,7,vb,Puihi of Maku Puihi Round Raft Rides™,puihi-of-maku-puihi-round-raft-rides,,closed,False,themeparks_wiki
2026-03-04 12:28:51,2026-03-04,7,vb,Honu of Honu ika Moana™,honu-of-honu-ika-moana,,closed,False,themeparks_wiki
2026-03-04 12:28:51,2026-03-04,7,vb,Tot Tiki Reef™,tot-tiki-reef,,closed,False,themeparks_wiki
2026-03-04 13:47:40,2026-03-04,8,mk,Tiana's Bayou Adventure,tianas-bayou-adventure,,closed,False,themeparks_wiki
2026-03-04 13:47:40,2026-03-04,8,mk,Enchanted Tales with Belle,enchanted-tales-with-belle,,closed,False,themeparks_wiki
2026-03-04 13:47:40,2026-03-04,8,mk,Casey Jr. Splash 'N' Soak Station,casey-jr-splash-n-soak-station,,operating,False,themeparks_wiki
2026-03-04 13:47:40,2026-03-04,8,mk,Peter Pan's Flight,peter-pans-flight,30.0,operating,False,themeparks_wiki
2026-03-04 13:47:40,2026-03-04,8,mk,Big Thunder Mountain Railroad,big-thunder-mountain-railroad,,refurbishment,False,themeparks_wiki
2026-03-04 13:47:40,2026-03-04,8,mk,Pirates of the Caribbean,pirates-of-the-caribbean,,closed,False,themeparks_wiki
2026-03-04 13:47:40,2026-03-04,8,mk,Jungle Cruise,jungle-cruise,,closed,False,themeparks_wiki
2026-03-04 13:47:40,2026-03-04,8,mk,Cinderella Castle,cinderella-castle,,operating,False,themeparks_wiki
2026-03-04 13:47:40,2026-03-04,8,mk,Main Street Vehicles,main-street-vehicles,,closed,False,themeparks_wiki
2026-03-04 13:47:40,2026-03-04,8,mk,A Pirate's Adventure ~ Treasures of the Seven Seas,a-pirates-adventure-treasures-of-the-seven-seas,,closed,False,themeparks_wiki
2026-03-04 13:47:40,2026-03-04,8,mk,Walt Disney's Carousel of Progress,walt-disneys-carousel-of-progress,5.0,operating,False,themeparks_wiki
2026-03-04 13:47:40,2026-03-04,8,mk,Walt Disney World Railroad - Fantasyland,walt-disney-world-railroad-fantasyland,,closed,False,themeparks_wiki
2026-03-04 13:47:40,2026-03-04,8,mk,Haunted Mansion,haunted-mansion,,closed,False,themeparks_wiki
2026-03-04 13:47:40,2026-03-04,8,mk,Buzz Lightyear's Space Ranger Spin,buzz-lightyears-space-ranger-spin,,refurbishment,False,themeparks_wiki
2026-03-04 13:47:40,2026-03-04,8,mk,Dumbo the Flying Elephant,dumbo-the-flying-elephant,5.0,operating,False,themeparks_wiki
2026-03-04 13:47:40,2026-03-04,8,mk,Country Bear Musical Jamboree,country-bear-musical-jamboree,,closed,False,themeparks_wiki
2026-03-04 13:47:40,2026-03-04,8,mk,Tomorrowland Speedway,tomorrowland-speedway,5.0,operating,False,themeparks_wiki
2026-03-04 13:47:40,2026-03-04,8,mk,Mad Tea Party,mad-tea-party,10.0,operating,False,themeparks_wiki
2026-03-04 13:47:40,2026-03-04,8,mk,Tomorrowland Transit Authority PeopleMover,tomorrowland-transit-authority-peoplemover,5.0,operating,False,themeparks_wiki
2026-03-04 13:47:40,2026-03-04,8,mk,Astro Orbiter,astro-orbiter,10.0,operating,False,themeparks_wiki
2026-03-04 13:47:40,2026-03-04,8,mk,The Barnstormer,the-barnstormer,5.0,operating,False,themeparks_wiki
2026-03-04 13:47:40,2026-03-04,8,mk,Seven Dwarfs Mine Train,seven-dwarfs-mine-train,50.0,operating,True,themeparks_wiki
2026-03-04 13:47:40,2026-03-04,8,mk,Prince Charming Regal Carrousel,prince-charming-regal-carrousel,5.0,operating,False,themeparks_wiki
2026-03-04 13:47:40,2026-03-04,8,mk,Space Mountain,space-mountain,20.0,operating,False,themeparks_wiki
2026-03-04 13:47:40,2026-03-04,8,mk,"""it's a small world""",its-a-small-world,10.0,operating,False,themeparks_wiki
2026-03-04 13:47:40,2026-03-04,8,mk,The Magic Carpets of Aladdin,the-magic-carpets-of-aladdin,,closed,False,themeparks_wiki
2026-03-04 13:47:40,2026-03-04,8,mk,The Many Adventures of Winnie the Pooh,the-many-adventures-of-winnie-the-pooh,40.0,operating,False,themeparks_wiki
2026-03-04 13:47:40,2026-03-04,8,mk,Under the Sea - Journey of The Little Mermaid,under-the-sea-journey-of-the-little-mermaid,5.0,operating,False,themeparks_wiki
2026-03-04 13:47:40,2026-03-04,8,mk,Mickey's PhilharMagic,mickeys-philharmagic,15.0,operating,False,themeparks_wiki
2026-03-04 13:47:40,2026-03-04,8,mk,"Walt Disney World Railroad - Main Street, U.S.A.",walt-disney-world-railroad-main-street-u-s-a,,closed,False,themeparks_wiki
2026-03-04 13:47:40,2026-03-04,8,mk,Swiss Family Treehouse,swiss-family-treehouse,,closed,False,themeparks_wiki
2026-03-04 13:47:40,2026-03-04,8,mk,The Hall of Presidents,the-hall-of-presidents,,closed,False,themeparks_wiki
2026-03-04 13:47:40,2026-03-04,8,mk,Monsters Inc. Laugh Floor,monsters-inc-laugh-floor,,closed,False,themeparks_wiki
2026-03-04 13:47:40,2026-03-04,8,mk,Walt Disney's Enchanted Tiki Room,walt-disneys-enchanted-tiki-room,,closed,False,themeparks_wiki
2026-03-04 13:47:40,2026-03-04,8,mk,TRON Lightcycle / Run,tron-lightcycle-run,,closed,True,themeparks_wiki
2026-03-04 13:47:40,2026-03-04,8,epcot,American Heritage Gallery,american-heritage-gallery,0.0,operating,False,queue_times
2026-03-04 13:47:40,2026-03-04,8,epcot,Kidcot Fun Stops,kidcot-fun-stops,0.0,operating,False,queue_times
2026-03-04 13:47:40,2026-03-04,8,epcot,Palais du Cinéma,palais-du-cin-ma,0.0,operating,False,queue_times
2026-03-04 13:47:40,2026-03-04,8,epcot,"ImageWorks - The ""What If"" Labs",imageworks-the-what-if-labs,0.0,operating,False,queue_times
2026-03-04 13:47:40,2026-03-04,8,epcot,Bijutsu-kan Gallery,bijutsu-kan-gallery,0.0,operating,False,queue_times
2026-03-04 13:47:40,2026-03-04,8,epcot,Disney and Pixar Short Film Festival,disney-and-pixar-short-film-festival,,closed,False,queue_times
2026-03-04 13:47:40,2026-03-04,8,epcot,Journey Into Imagination With Figment,journey-into-imagination-with-figment,,closed,False,queue_times
2026-03-04 13:47:40,2026-03-04,8,epcot,Meet Beloved Disney Pals at Mickey & Friends,meet-beloved-disney-pals-at-mickey-friends,,closed,False,queue_times
2026-03-04 13:47:40,2026-03-04,8,epcot,Project Tomorrow: Inventing the Wonders of the Future,project-tomorrow-inventing-the-wonders-of-the-future,0.0,operating,False,queue_times
2026-03-04 13:47:40,2026-03-04,8,epcot,Spaceship Earth,spaceship-earth,,closed,False,queue_times
2026-03-04 13:47:40,2026-03-04,8,epcot,Advanced Training Lab,advanced-training-lab,0.0,operating,False,queue_times
2026-03-04 13:47:40,2026-03-04,8,epcot,Guardians of the Galaxy: Cosmic Rewind,guardians-of-the-galaxy-cosmic-rewind,60.0,operating,False,queue_times
2026-03-04 13:47:40,2026-03-04,8,epcot,Mission: SPACE,mission-space,15.0,operating,False,queue_times
2026-03-04 13:47:40,2026-03-04,8,epcot,Test Track,test-track,,closed,False,queue_times
2026-03-04 13:47:40,2026-03-04,8,epcot,Test Track Presented by Chevrolet Single Rider,test-track-presented-by-chevrolet-single-rider,,closed,False,queue_times
2026-03-04 13:47:40,2026-03-04,8,epcot,Awesome Planet,awesome-planet,,closed,False,queue_times
2026-03-04 13:47:40,2026-03-04,8,epcot,Bruce's Shark World,bruces-shark-world,0.0,operating,False,queue_times
2026-03-04 13:47:40,2026-03-04,8,epcot,"Journey of Water, Inspired by Moana",journey-of-water-inspired-by-moana,0.0,operating,False,queue_times
2026-03-04 13:47:40,2026-03-04,8,epcot,Living with the Land,living-with-the-land,5.0,operating,False,queue_times
2026-03-04 13:47:40,2026-03-04,8,epcot,SeaBase Aquarium,seabase-aquarium,0.0,operating,False,queue_times
2026-03-04 13:47:40,2026-03-04,8,epcot,Soarin' Around the World,soarin-around-the-world,10.0,operating,False,queue_times
2026-03-04 13:47:40,2026-03-04,8,epcot,The Seas with Nemo & Friends,the-seas-with-nemo-friends,5.0,operating,False,queue_times
2026-03-04 13:47:40,2026-03-04,8,epcot,Turtle Talk With Crush,turtle-talk-with-crush,,closed,False,queue_times
2026-03-04 13:47:40,2026-03-04,8,epcot,Canada Far and Wide in Circle-Vision 360,canada-far-and-wide-in-circle-vision-360,,closed,False,queue_times
2026-03-04 13:47:40,2026-03-04,8,epcot,Frozen Ever After,frozen-ever-after,35.0,operating,False,queue_times
2026-03-04 13:47:40,2026-03-04,8,epcot,Gallery of Arts and History,gallery-of-arts-and-history,0.0,operating,False,queue_times
2026-03-04 13:47:40,2026-03-04,8,epcot,Gran Fiesta Tour Starring The Three Caballeros,gran-fiesta-tour-starring-the-three-caballeros,,closed,False,queue_times
2026-03-04 13:47:40,2026-03-04,8,epcot,House of the Whispering Willows,house-of-the-whispering-willows,0.0,operating,False,queue_times
2026-03-04 13:47:40,2026-03-04,8,epcot,Meet Anna and Elsa at Royal Sommerhus,meet-anna-and-elsa-at-royal-sommerhus,,closed,False,queue_times
2026-03-04 13:47:40,2026-03-04,8,epcot,Mexico Folk Art Gallery,mexico-folk-art-gallery,0.0,operating,False,queue_times
2026-03-04 13:47:40,2026-03-04,8,epcot,Remy's Ratatouille Adventure,remys-ratatouille-adventure,40.0,operating,False,queue_times
2026-03-04 13:47:40,2026-03-04,8,epcot,Remy's Ratatouille Adventure Single Rider,remys-ratatouille-adventure-single-rider,0.0,operating,False,queue_times
2026-03-04 13:47:40,2026-03-04,8,epcot,Stave Church Gallery,stave-church-gallery,0.0,operating,False,queue_times
2026-03-04 13:47:40,2026-03-04,8,hs,Meet Ariel at Walt Disney Presents,meet-ariel-at-walt-disney-presents,,closed,False,queue_times
2026-03-04 13:47:40,2026-03-04,8,hs,The Little Mermaid – A Musical Adventure – New!,the-little-mermaid-a-musical-adventure-new,0.0,operating,False,queue_times
2026-03-04 13:47:40,2026-03-04,8,hs,Walt Disney Presents,walt-disney-presents,,closed,False,queue_times
2026-03-04 13:47:40,2026-03-04,8,hs,Meet Disney Stars at Red Carpet Dreams,meet-disney-stars-at-red-carpet-dreams,,closed,False,queue_times
2026-03-04 13:47:40,2026-03-04,8,hs,For the First Time in Forever: A Frozen Sing-Along Celebration,for-the-first-time-in-forever-a-frozen-sing-along-celebration,0.0,operating,False,queue_times
2026-03-04 13:47:40,2026-03-04,8,hs,Indiana Jones™ Epic Stunt Spectacular!,indiana-jones-epic-stunt-spectacular,0.0,operating,False,queue_times
2026-03-04 13:47:40,2026-03-04,8,hs,Meet Olaf at Celebrity Spotlight,meet-olaf-at-celebrity-spotlight,,closed,False,queue_times
2026-03-04 13:47:40,2026-03-04,8,hs,Star Tours – The Adventures Continue,star-tours-the-adventures-continue,5.0,operating,False,queue_times
2026-03-04 13:47:40,2026-03-04,8,hs,Vacation Fun - An Original Animated Short with Mickey & Minnie,vacation-fun-an-original-animated-short-with-mickey-minnie,,closed,False,queue_times
2026-03-04 13:47:40,2026-03-04,8,hs,Mickey & Minnie's Runaway Railway,mickey-minnies-runaway-railway,30.0,operating,False,queue_times
2026-03-04 13:47:40,2026-03-04,8,hs,Meet Edna Mode at the Edna Mode Experience,meet-edna-mode-at-the-edna-mode-experience,,closed,False,queue_times
2026-03-04 13:47:40,2026-03-04,8,hs,Toy Story Mania!,toy-story-mania,60.0,operating,False,queue_times
2026-03-04 13:47:40,2026-03-04,8,hs,Millennium Falcon: Smugglers Run,millennium-falcon-smugglers-run,10.0,operating,False,queue_times
2026-03-04 13:47:40,2026-03-04,8,hs,Millennium Falcon: Smugglers Run Single Rider,millennium-falcon-smugglers-run-single-rider,0.0,operating,False,queue_times
2026-03-04 13:47:40,2026-03-04,8,hs,Star Wars: Rise of the Resistance,star-wars-rise-of-the-resistance,35.0,operating,False,queue_times
2026-03-04 13:47:40,2026-03-04,8,hs,Star Wars: Rise of the Resistance Single Rider,star-wars-rise-of-the-resistance-single-rider,0.0,operating,False,queue_times
2026-03-04 13:47:40,2026-03-04,8,hs,Beauty and the Beast – Live on Stage,beauty-and-the-beast-live-on-stage,0.0,operating,False,queue_times
2026-03-04 13:47:40,2026-03-04,8,hs,Rock 'n' Roller Coaster Starring Aerosmith,rock-n-roller-coaster-starring-aerosmith,,closed,False,queue_times
2026-03-04 13:47:40,2026-03-04,8,hs,Rock 'n' Roller Coaster Starring Aerosmith Single Rider,rock-n-roller-coaster-starring-aerosmith-single-rider,,closed,False,queue_times
2026-03-04 13:47:40,2026-03-04,8,hs,The Twilight Zone Tower of Terror™,the-twilight-zone-tower-of-terror,13.0,operating,False,queue_times
2026-03-04 13:47:40,2026-03-04,8,hs,Alien Swirling Saucers,alien-swirling-saucers,5.0,operating,False,queue_times
2026-03-04 13:47:40,2026-03-04,8,hs,Slinky Dog Dash,slinky-dog-dash,,closed,False,queue_times
2026-03-04 13:47:40,2026-03-04,8,ak,Festival of the Lion King,festival-of-the-lion-king,0.0,operating,False,queue_times
2026-03-04 13:47:40,2026-03-04,8,ak,Gorilla Falls Exploration Trail,gorilla-falls-exploration-trail,5.0,operating,False,queue_times
2026-03-04 13:47:40,2026-03-04,8,ak,Kilimanjaro Safaris,kilimanjaro-safaris,10.0,operating,False,queue_times
2026-03-04 13:47:40,2026-03-04,8,ak,Wildlife Express Train,wildlife-express-train,,closed,False,queue_times
2026-03-04 13:47:40,2026-03-04,8,ak,Expedition Everest - Legend of the Forbidden Mountain,expedition-everest-legend-of-the-forbidden-mountain,5.0,operating,False,queue_times
2026-03-04 13:47:40,2026-03-04,8,ak,Expedition Everest - Legend of the Forbidden Mountain Single Rider,expedition-everest-legend-of-the-forbidden-mountain-single-rider,0.0,operating,False,queue_times
2026-03-04 13:47:40,2026-03-04,8,ak,Feathered Friends in Flight!,feathered-friends-in-flight,0.0,operating,False,queue_times
2026-03-04 13:47:40,2026-03-04,8,ak,Kali River Rapids,kali-river-rapids,,closed,False,queue_times
2026-03-04 13:47:40,2026-03-04,8,ak,DINOSAUR,dinosaur,,closed,False,queue_times
2026-03-04 13:47:40,2026-03-04,8,ak,Finding Nemo: The Big Blue... and Beyond!,finding-nemo-the-big-blue-and-beyond,0.0,operating,False,queue_times
2026-03-04 13:47:40,2026-03-04,8,ak,Discovery Island Trails,discovery-island-trails,0.0,operating,False,queue_times
2026-03-04 13:47:40,2026-03-04,8,ak,Meet Favorite Disney Pals at Adventurers Outpost,meet-favorite-disney-pals-at-adventurers-outpost,35.0,operating,False,queue_times
2026-03-04 13:47:40,2026-03-04,8,ak,Meet Moana at Character Landing,meet-moana-at-character-landing,0.0,operating,False,queue_times
2026-03-04 13:47:40,2026-03-04,8,ak,Tree of Life,tree-of-life,0.0,operating,False,queue_times
2026-03-04 13:47:40,2026-03-04,8,ak,Zootopia: Better Zoogether! - NEW!,zootopia-better-zoogether-new,10.0,operating,False,queue_times
2026-03-04 13:47:40,2026-03-04,8,ak,Avatar Flight of Passage,avatar-flight-of-passage,85.0,operating,False,queue_times
2026-03-04 13:47:40,2026-03-04,8,ak,Na'vi River Journey,navi-river-journey,25.0,operating,False,queue_times
2026-03-04 13:47:40,2026-03-04,8,ak,Affection Section,affection-section,,closed,False,queue_times
2026-03-04 13:47:40,2026-03-04,8,ak,Animal Care at Conservation Station,animal-care-at-conservation-station,,closed,False,queue_times
2026-03-04 13:47:40,2026-03-04,8,ak,The Oasis Exhibits,the-oasis-exhibits,0.0,operating,False,queue_times
2026-03-04 13:47:40,2026-03-04,8,ak,Wilderness Explorers,wilderness-explorers,0.0,operating,False,queue_times
2026-03-04 13:47:40,2026-03-04,8,usf,Illumination Theater,illumination-theater,,closed,False,themeparks_wiki
2026-03-04 13:47:40,2026-03-04,8,usf,El Artista: A Spanish Haunting,el-artista-a-spanish-haunting,,closed,False,themeparks_wiki
2026-03-04 13:47:40,2026-03-04,8,usf,Gálkn: Monsters of the North,g-lkn-monsters-of-the-north,,closed,False,themeparks_wiki
2026-03-04 13:47:40,2026-03-04,8,usf,Dolls: Let’s Play Dead,dolls-lets-play-dead,,closed,False,themeparks_wiki
2026-03-04 13:47:40,2026-03-04,8,usf,Grave of Flesh,grave-of-flesh,,closed,False,themeparks_wiki
2026-03-04 13:47:40,2026-03-04,8,usf,Hatchet and Chains: Demon Bounty Hunters,hatchet-and-chains-demon-bounty-hunters,,closed,False,themeparks_wiki
2026-03-04 13:47:40,2026-03-04,8,usf,JASON UN1V3RSE,jason-un1v3rse,,closed,False,themeparks_wiki
2026-03-04 13:47:40,2026-03-04,8,usf,WWE Presents: The Horrors of the Wyatt Sicks,wwe-presents-the-horrors-of-the-wyatt-sicks,,closed,False,themeparks_wiki
2026-03-04 13:47:40,2026-03-04,8,usf,Terrifier,terrifier,,closed,False,themeparks_wiki
2026-03-04 13:47:40,2026-03-04,8,usf,Hogwarts™ Express - First Train,hogwarts-express-first-train,,closed,False,themeparks_wiki
2026-03-04 13:47:40,2026-03-04,8,usf,MEN IN BLACK™ Alien Attack!™,men-in-black-alien-attack,,closed,False,themeparks_wiki
2026-03-04 13:47:40,2026-03-04,8,usf,Five Nights At Freddy’s,five-nights-at-freddys,,closed,False,themeparks_wiki
2026-03-04 13:47:40,2026-03-04,8,usf,Revenge of the Mummy™,revenge-of-the-mummy,,closed,False,themeparks_wiki
2026-03-04 13:47:40,2026-03-04,8,usf,Despicable Me Minion Mayhem™,despicable-me-minion-mayhem,,closed,False,themeparks_wiki
2026-03-04 13:47:40,2026-03-04,8,usf,Fallout,fallout,,closed,False,themeparks_wiki
2026-03-04 13:47:40,2026-03-04,8,usf,E.T. Adventure™,e-t-adventure,,closed,False,themeparks_wiki
2026-03-04 13:47:40,2026-03-04,8,usf,TRANSFORMERS™: The Ride-3D,transformers-the-ride-3d,,closed,False,themeparks_wiki
2026-03-04 13:47:40,2026-03-04,8,usf,Illumination's Villain-Con Minion Blast,illuminations-villain-con-minion-blast,,closed,False,themeparks_wiki
2026-03-04 13:47:40,2026-03-04,8,usf,Fast & Furious - Supercharged™,fast-furious-supercharged,,closed,False,themeparks_wiki
2026-03-04 13:47:40,2026-03-04,8,usf,Hollywood Rip Ride Rockit™,hollywood-rip-ride-rockit,,closed,False,themeparks_wiki
2026-03-04 13:47:40,2026-03-04,8,usf,Race Through New York Starring Jimmy Fallon™,race-through-new-york-starring-jimmy-fallon,,closed,False,themeparks_wiki
2026-03-04 13:47:40,2026-03-04,8,usf,Hogwarts™ Express - King's Cross Station,hogwarts-express-kings-cross-station,,closed,False,themeparks_wiki
2026-03-04 13:47:40,2026-03-04,8,usf,Kang & Kodos' Twirl 'n' Hurl,kang-kodos-twirl-n-hurl,,closed,False,themeparks_wiki
2026-03-04 13:47:40,2026-03-04,8,usf,The Simpsons Ride™,the-simpsons-ride,,closed,False,themeparks_wiki
2026-03-04 13:47:40,2026-03-04,8,usf,Trolls Trollercoaster,trolls-trollercoaster,,closed,False,themeparks_wiki
2026-03-04 13:47:40,2026-03-04,8,usf,Harry Potter and the Escape from Gringotts™,harry-potter-and-the-escape-from-gringotts,,closed,False,themeparks_wiki
2026-03-04 13:47:40,2026-03-04,8,ioa,Jurassic Park Discovery Center™,jurassic-park-discovery-center,,closed,False,themeparks_wiki
2026-03-04 13:47:40,2026-03-04,8,ioa,Pteranodon Flyers™,pteranodon-flyers,,closed,False,themeparks_wiki
2026-03-04 13:47:40,2026-03-04,8,ioa,Camp Jurassic™,camp-jurassic,,closed,False,themeparks_wiki
2026-03-04 13:47:40,2026-03-04,8,ioa,If I Ran The Zoo™,if-i-ran-the-zoo,,closed,False,themeparks_wiki
2026-03-04 13:47:40,2026-03-04,8,ioa,Jurassic Park River Adventure™,jurassic-park-river-adventure,,closed,False,themeparks_wiki
2026-03-04 13:47:40,2026-03-04,8,ioa,The Cat in The Hat™,the-cat-in-the-hat,,closed,False,themeparks_wiki
2026-03-04 13:47:40,2026-03-04,8,ioa,Harry Potter and the Forbidden Journey™,harry-potter-and-the-forbidden-journey,10.0,operating,False,themeparks_wiki
2026-03-04 13:47:40,2026-03-04,8,ioa,The Incredible Hulk Coaster®,the-incredible-hulk-coaster,5.0,operating,False,themeparks_wiki
2026-03-04 13:47:40,2026-03-04,8,ioa,Skull Island: Reign of Kong™,skull-island-reign-of-kong,,closed,False,themeparks_wiki
2026-03-04 13:47:40,2026-03-04,8,ioa,Popeye & Bluto's Bilge-Rat Barges®,popeye-blutos-bilge-rat-barges,,closed,False,themeparks_wiki
2026-03-04 13:47:40,2026-03-04,8,ioa,Flight of the Hippogriff™,flight-of-the-hippogriff,10.0,operating,False,themeparks_wiki
2026-03-04 13:47:40,2026-03-04,8,ioa,The Amazing Adventures of Spider-Man®,the-amazing-adventures-of-spider-man,,closed,False,themeparks_wiki
2026-03-04 13:47:40,2026-03-04,8,ioa,Storm Force Accelatron®,storm-force-accelatron,5.0,operating,False,themeparks_wiki
2026-03-04 13:47:40,2026-03-04,8,ioa,The High in the Sky Seuss Trolley Train Ride!™,the-high-in-the-sky-seuss-trolley-train-ride,,closed,False,themeparks_wiki
2026-03-04 13:47:40,2026-03-04,8,ioa,Caro-Seuss-el™,caro-seuss-el,,closed,False,themeparks_wiki
2026-03-04 13:47:40,2026-03-04,8,ioa,Dudley Do-Right's Ripsaw Falls®,dudley-do-rights-ripsaw-falls,,closed,False,themeparks_wiki
2026-03-04 13:47:40,2026-03-04,8,ioa,Doctor Doom's Fearfall®,doctor-dooms-fearfall,,closed,False,themeparks_wiki
2026-03-04 13:47:40,2026-03-04,8,ioa,"One Fish, Two Fish, Red Fish, Blue Fish™",one-fish-two-fish-red-fish-blue-fish,5.0,operating,False,themeparks_wiki
2026-03-04 13:47:40,2026-03-04,8,ioa,Jurassic World VelociCoaster,jurassic-world-velocicoaster,10.0,operating,False,themeparks_wiki
2026-03-04 13:47:40,2026-03-04,8,ioa,Hogwarts™ Express - Hogsmeade™ Station,hogwarts-express-hogsmeade-station,,closed,False,themeparks_wiki
2026-03-04 13:47:40,2026-03-04,8,ioa,Hagrid's Magical Creatures Motorbike Adventure™,hagrids-magical-creatures-motorbike-adventure,50.0,operating,False,themeparks_wiki
2026-03-04 13:47:40,2026-03-04,8,vb,Krakatau™ Aqua Coaster,krakatau-aqua-coaster,,closed,False,themeparks_wiki
2026-03-04 13:47:40,2026-03-04,8,vb,Punga Racers™,punga-racers,,closed,False,themeparks_wiki
2026-03-04 13:47:40,2026-03-04,8,vb,Kala & Tai Nui Serpentine Body Slides™,kala-tai-nui-serpentine-body-slides,,closed,False,themeparks_wiki
2026-03-04 13:47:40,2026-03-04,8,vb,Tonga of Taniwha Tubes™,tonga-of-taniwha-tubes,,closed,False,themeparks_wiki
2026-03-04 13:47:40,2026-03-04,8,vb,Ko'okiri Body Plunge™,kookiri-body-plunge,,closed,False,themeparks_wiki
2026-03-04 13:47:40,2026-03-04,8,vb,ika Moana of Honu ika Moana™,ika-moana-of-honu-ika-moana,,closed,False,themeparks_wiki
2026-03-04 13:47:40,2026-03-04,8,vb,The Reef,the-reef,,closed,False,themeparks_wiki
2026-03-04 13:47:40,2026-03-04,8,vb,Puka Uli Lagoon™,puka-uli-lagoon,,closed,False,themeparks_wiki
2026-03-04 13:47:40,2026-03-04,8,vb,Maku of Maku Puihi Round Raft Rides™,maku-of-maku-puihi-round-raft-rides,,closed,False,themeparks_wiki
2026-03-04 13:47:40,2026-03-04,8,vb,Kopiko Wai Winding River™,kopiko-wai-winding-river,,closed,False,themeparks_wiki
2026-03-04 13:47:40,2026-03-04,8,vb,Ohyah of the Ohyah and Ohno Drop Slides™,ohyah-of-the-ohyah-and-ohno-drop-slides,,closed,False,themeparks_wiki
2026-03-04 13:47:40,2026-03-04,8,vb,TeAwa The Fearless River™,teawa-the-fearless-river,,closed,False,themeparks_wiki
2026-03-04 13:47:40,2026-03-04,8,vb,Runamukka Reef™,runamukka-reef,,closed,False,themeparks_wiki
2026-03-04 13:47:40,2026-03-04,8,vb,Raki of Taniwha Tubes™,raki-of-taniwha-tubes,,closed,False,themeparks_wiki
2026-03-04 13:47:40,2026-03-04,8,vb,Ohno of the Ohyah and Ohno Drop Slides™,ohno-of-the-ohyah-and-ohno-drop-slides,,closed,False,themeparks_wiki
2026-03-04 13:47:40,2026-03-04,8,vb,Waturi Beach,waturi-beach,,closed,False,themeparks_wiki
2026-03-04 13:47:40,2026-03-04,8,vb,Puihi of Maku Puihi Round Raft Rides™,puihi-of-maku-puihi-round-raft-rides,,closed,False,themeparks_wiki
2026-03-04 13:47:40,2026-03-04,8,vb,Honu of Honu ika Moana™,honu-of-honu-ika-moana,,closed,False,themeparks_wiki
2026-03-04 13:47:40,2026-03-04,8,vb,Tot Tiki Reef™,tot-tiki-reef,,closed,False,themeparks_wiki
2026-03-04 14:30:20,2026-03-04,9,mk,Swiss Family Treehouse,swiss-family-treehouse,5.0,operating,False,themeparks_wiki
2026-03-04 14:30:20,2026-03-04,9,mk,Tiana's Bayou Adventure,tianas-bayou-adventure,5.0,operating,False,themeparks_wiki
2026-03-04 14:30:20,2026-03-04,9,mk,The Magic Carpets of Aladdin,the-magic-carpets-of-aladdin,5.0,operating,False,themeparks_wiki
2026-03-04 14:30:20,2026-03-04,9,mk,"""it's a small world""",its-a-small-world,10.0,operating,False,themeparks_wiki
2026-03-04 14:30:20,2026-03-04,9,mk,Haunted Mansion,haunted-mansion,13.0,operating,False,themeparks_wiki
2026-03-04 14:30:20,2026-03-04,9,mk,Space Mountain,space-mountain,25.0,operating,False,themeparks_wiki
2026-03-04 14:30:20,2026-03-04,9,mk,Seven Dwarfs Mine Train,seven-dwarfs-mine-train,45.0,operating,True,themeparks_wiki
2026-03-04 14:30:20,2026-03-04,9,mk,Mad Tea Party,mad-tea-party,5.0,operating,False,themeparks_wiki
2026-03-04 14:30:20,2026-03-04,9,mk,TRON Lightcycle / Run,tron-lightcycle-run,60.0,operating,True,themeparks_wiki
2026-03-04 14:30:20,2026-03-04,9,mk,Dumbo the Flying Elephant,dumbo-the-flying-elephant,15.0,operating,False,themeparks_wiki
2026-03-04 14:30:20,2026-03-04,9,mk,Enchanted Tales with Belle,enchanted-tales-with-belle,,closed,False,themeparks_wiki
2026-03-04 14:30:20,2026-03-04,9,mk,Casey Jr. Splash 'N' Soak Station,casey-jr-splash-n-soak-station,,operating,False,themeparks_wiki
2026-03-04 14:30:20,2026-03-04,9,mk,Peter Pan's Flight,peter-pans-flight,50.0,operating,False,themeparks_wiki
2026-03-04 14:30:20,2026-03-04,9,mk,Big Thunder Mountain Railroad,big-thunder-mountain-railroad,,refurbishment,False,themeparks_wiki
2026-03-04 14:30:20,2026-03-04,9,mk,Pirates of the Caribbean,pirates-of-the-caribbean,10.0,operating,False,themeparks_wiki
2026-03-04 14:30:20,2026-03-04,9,mk,Jungle Cruise,jungle-cruise,30.0,operating,False,themeparks_wiki
2026-03-04 14:30:20,2026-03-04,9,mk,Cinderella Castle,cinderella-castle,,operating,False,themeparks_wiki
2026-03-04 14:30:20,2026-03-04,9,mk,Main Street Vehicles,main-street-vehicles,,operating,False,themeparks_wiki
2026-03-04 14:30:20,2026-03-04,9,mk,A Pirate's Adventure ~ Treasures of the Seven Seas,a-pirates-adventure-treasures-of-the-seven-seas,,closed,False,themeparks_wiki
2026-03-04 14:30:20,2026-03-04,9,mk,Walt Disney's Carousel of Progress,walt-disneys-carousel-of-progress,5.0,operating,False,themeparks_wiki
2026-03-04 14:30:20,2026-03-04,9,mk,Walt Disney World Railroad - Fantasyland,walt-disney-world-railroad-fantasyland,20.0,operating,False,themeparks_wiki
2026-03-04 14:30:20,2026-03-04,9,mk,Buzz Lightyear's Space Ranger Spin,buzz-lightyears-space-ranger-spin,,refurbishment,False,themeparks_wiki
2026-03-04 14:30:20,2026-03-04,9,mk,Country Bear Musical Jamboree,country-bear-musical-jamboree,,down,False,themeparks_wiki
2026-03-04 14:30:20,2026-03-04,9,mk,Tomorrowland Speedway,tomorrowland-speedway,20.0,operating,False,themeparks_wiki
2026-03-04 14:30:20,2026-03-04,9,mk,Tomorrowland Transit Authority PeopleMover,tomorrowland-transit-authority-peoplemover,5.0,operating,False,themeparks_wiki
2026-03-04 14:30:20,2026-03-04,9,mk,Astro Orbiter,astro-orbiter,10.0,operating,False,themeparks_wiki
2026-03-04 14:30:20,2026-03-04,9,mk,The Barnstormer,the-barnstormer,10.0,operating,False,themeparks_wiki
2026-03-04 14:30:20,2026-03-04,9,mk,Prince Charming Regal Carrousel,prince-charming-regal-carrousel,5.0,operating,False,themeparks_wiki
2026-03-04 14:30:20,2026-03-04,9,mk,Under the Sea - Journey of The Little Mermaid,under-the-sea-journey-of-the-little-mermaid,5.0,operating,False,themeparks_wiki
2026-03-04 14:30:20,2026-03-04,9,mk,Mickey's PhilharMagic,mickeys-philharmagic,15.0,operating,False,themeparks_wiki
2026-03-04 14:30:20,2026-03-04,9,mk,"Walt Disney World Railroad - Main Street, U.S.A.",walt-disney-world-railroad-main-street-u-s-a,20.0,operating,False,themeparks_wiki
2026-03-04 14:30:20,2026-03-04,9,mk,The Many Adventures of Winnie the Pooh,the-many-adventures-of-winnie-the-pooh,40.0,operating,False,themeparks_wiki
2026-03-04 14:30:20,2026-03-04,9,mk,Monsters Inc. Laugh Floor,monsters-inc-laugh-floor,10.0,operating,False,themeparks_wiki
2026-03-04 14:30:20,2026-03-04,9,mk,The Hall of Presidents,the-hall-of-presidents,15.0,operating,False,themeparks_wiki
2026-03-04 14:30:20,2026-03-04,9,mk,Walt Disney's Enchanted Tiki Room,walt-disneys-enchanted-tiki-room,10.0,operating,False,themeparks_wiki
2026-03-04 14:30:20,2026-03-04,9,epcot,American Heritage Gallery,american-heritage-gallery,0.0,operating,False,queue_times
2026-03-04 14:30:20,2026-03-04,9,epcot,Kidcot Fun Stops,kidcot-fun-stops,0.0,operating,False,queue_times
2026-03-04 14:30:20,2026-03-04,9,epcot,Palais du Cinéma,palais-du-cin-ma,0.0,operating,False,queue_times
2026-03-04 14:30:20,2026-03-04,9,epcot,"ImageWorks - The ""What If"" Labs",imageworks-the-what-if-labs,0.0,operating,False,queue_times
2026-03-04 14:30:20,2026-03-04,9,epcot,Bijutsu-kan Gallery,bijutsu-kan-gallery,0.0,operating,False,queue_times
2026-03-04 14:30:20,2026-03-04,9,epcot,Disney and Pixar Short Film Festival,disney-and-pixar-short-film-festival,0.0,operating,False,queue_times
2026-03-04 14:30:20,2026-03-04,9,epcot,Journey Into Imagination With Figment,journey-into-imagination-with-figment,5.0,operating,False,queue_times
2026-03-04 14:30:20,2026-03-04,9,epcot,Meet Beloved Disney Pals at Mickey & Friends,meet-beloved-disney-pals-at-mickey-friends,10.0,operating,False,queue_times
2026-03-04 14:30:20,2026-03-04,9,epcot,Project Tomorrow: Inventing the Wonders of the Future,project-tomorrow-inventing-the-wonders-of-the-future,0.0,operating,False,queue_times
2026-03-04 14:30:20,2026-03-04,9,epcot,Spaceship Earth,spaceship-earth,,closed,False,queue_times
2026-03-04 14:30:20,2026-03-04,9,epcot,Advanced Training Lab,advanced-training-lab,0.0,operating,False,queue_times
2026-03-04 14:30:20,2026-03-04,9,epcot,Guardians of the Galaxy: Cosmic Rewind,guardians-of-the-galaxy-cosmic-rewind,65.0,operating,False,queue_times
2026-03-04 14:30:20,2026-03-04,9,epcot,Mission: SPACE,mission-space,15.0,operating,False,queue_times
2026-03-04 14:30:20,2026-03-04,9,epcot,Test Track,test-track,60.0,operating,False,queue_times
2026-03-04 14:30:20,2026-03-04,9,epcot,Test Track Presented by Chevrolet Single Rider,test-track-presented-by-chevrolet-single-rider,0.0,operating,False,queue_times
2026-03-04 14:30:20,2026-03-04,9,epcot,Awesome Planet,awesome-planet,0.0,operating,False,queue_times
2026-03-04 14:30:20,2026-03-04,9,epcot,Bruce's Shark World,bruces-shark-world,0.0,operating,False,queue_times
2026-03-04 14:30:20,2026-03-04,9,epcot,"Journey of Water, Inspired by Moana",journey-of-water-inspired-by-moana,0.0,operating,False,queue_times
2026-03-04 14:30:20,2026-03-04,9,epcot,Living with the Land,living-with-the-land,5.0,operating,False,queue_times
2026-03-04 14:30:20,2026-03-04,9,epcot,SeaBase Aquarium,seabase-aquarium,0.0,operating,False,queue_times
2026-03-04 14:30:20,2026-03-04,9,epcot,Soarin' Around the World,soarin-around-the-world,15.0,operating,False,queue_times
2026-03-04 14:30:20,2026-03-04,9,epcot,The Seas with Nemo & Friends,the-seas-with-nemo-friends,5.0,operating,False,queue_times
2026-03-04 14:30:20,2026-03-04,9,epcot,Turtle Talk With Crush,turtle-talk-with-crush,,closed,False,queue_times
2026-03-04 14:30:20,2026-03-04,9,epcot,Canada Far and Wide in Circle-Vision 360,canada-far-and-wide-in-circle-vision-360,0.0,operating,False,queue_times
2026-03-04 14:30:20,2026-03-04,9,epcot,Frozen Ever After,frozen-ever-after,40.0,operating,False,queue_times
2026-03-04 14:30:20,2026-03-04,9,epcot,Gallery of Arts and History,gallery-of-arts-and-history,0.0,operating,False,queue_times
2026-03-04 14:30:20,2026-03-04,9,epcot,Gran Fiesta Tour Starring The Three Caballeros,gran-fiesta-tour-starring-the-three-caballeros,5.0,operating,False,queue_times
2026-03-04 14:30:20,2026-03-04,9,epcot,House of the Whispering Willows,house-of-the-whispering-willows,0.0,operating,False,queue_times
2026-03-04 14:30:20,2026-03-04,9,epcot,Meet Anna and Elsa at Royal Sommerhus,meet-anna-and-elsa-at-royal-sommerhus,105.0,operating,False,queue_times
2026-03-04 14:30:20,2026-03-04,9,epcot,Mexico Folk Art Gallery,mexico-folk-art-gallery,0.0,operating,False,queue_times
2026-03-04 14:30:20,2026-03-04,9,epcot,Remy's Ratatouille Adventure,remys-ratatouille-adventure,40.0,operating,False,queue_times
2026-03-04 14:30:20,2026-03-04,9,epcot,Remy's Ratatouille Adventure Single Rider,remys-ratatouille-adventure-single-rider,0.0,operating,False,queue_times
2026-03-04 14:30:20,2026-03-04,9,epcot,Stave Church Gallery,stave-church-gallery,0.0,operating,False,queue_times
2026-03-04 14:30:20,2026-03-04,9,hs,Meet Ariel at Walt Disney Presents,meet-ariel-at-walt-disney-presents,0.0,operating,False,queue_times
2026-03-04 14:30:20,2026-03-04,9,hs,The Little Mermaid – A Musical Adventure – New!,the-little-mermaid-a-musical-adventure-new,0.0,operating,False,queue_times
2026-03-04 14:30:20,2026-03-04,9,hs,Walt Disney Presents,walt-disney-presents,0.0,operating,False,queue_times
2026-03-04 14:30:20,2026-03-04,9,hs,Meet Disney Stars at Red Carpet Dreams,meet-disney-stars-at-red-carpet-dreams,25.0,operating,False,queue_times
2026-03-04 14:30:20,2026-03-04,9,hs,For the First Time in Forever: A Frozen Sing-Along Celebration,for-the-first-time-in-forever-a-frozen-sing-along-celebration,0.0,operating,False,queue_times
2026-03-04 14:30:20,2026-03-04,9,hs,Indiana Jones™ Epic Stunt Spectacular!,indiana-jones-epic-stunt-spectacular,0.0,operating,False,queue_times
2026-03-04 14:30:20,2026-03-04,9,hs,Meet Olaf at Celebrity Spotlight,meet-olaf-at-celebrity-spotlight,10.0,operating,False,queue_times
2026-03-04 14:30:20,2026-03-04,9,hs,Star Tours – The Adventures Continue,star-tours-the-adventures-continue,5.0,operating,False,queue_times
2026-03-04 14:30:20,2026-03-04,9,hs,Vacation Fun - An Original Animated Short with Mickey & Minnie,vacation-fun-an-original-animated-short-with-mickey-minnie,10.0,operating,False,queue_times
2026-03-04 14:30:20,2026-03-04,9,hs,Mickey & Minnie's Runaway Railway,mickey-minnies-runaway-railway,35.0,operating,False,queue_times
2026-03-04 14:30:20,2026-03-04,9,hs,Meet Edna Mode at the Edna Mode Experience,meet-edna-mode-at-the-edna-mode-experience,0.0,operating,False,queue_times
2026-03-04 14:30:20,2026-03-04,9,hs,Toy Story Mania!,toy-story-mania,15.0,operating,False,queue_times
2026-03-04 14:30:20,2026-03-04,9,hs,Millennium Falcon: Smugglers Run,millennium-falcon-smugglers-run,55.0,operating,False,queue_times
2026-03-04 14:30:20,2026-03-04,9,hs,Millennium Falcon: Smugglers Run Single Rider,millennium-falcon-smugglers-run-single-rider,0.0,operating,False,queue_times
2026-03-04 14:30:20,2026-03-04,9,hs,Star Wars: Rise of the Resistance,star-wars-rise-of-the-resistance,50.0,operating,False,queue_times
2026-03-04 14:30:20,2026-03-04,9,hs,Star Wars: Rise of the Resistance Single Rider,star-wars-rise-of-the-resistance-single-rider,0.0,operating,False,queue_times
2026-03-04 14:30:20,2026-03-04,9,hs,Beauty and the Beast – Live on Stage,beauty-and-the-beast-live-on-stage,0.0,operating,False,queue_times
2026-03-04 14:30:20,2026-03-04,9,hs,Rock 'n' Roller Coaster Starring Aerosmith,rock-n-roller-coaster-starring-aerosmith,,closed,False,queue_times
2026-03-04 14:30:20,2026-03-04,9,hs,Rock 'n' Roller Coaster Starring Aerosmith Single Rider,rock-n-roller-coaster-starring-aerosmith-single-rider,,closed,False,queue_times
2026-03-04 14:30:20,2026-03-04,9,hs,The Twilight Zone Tower of Terror™,the-twilight-zone-tower-of-terror,13.0,operating,False,queue_times
2026-03-04 14:30:20,2026-03-04,9,hs,Alien Swirling Saucers,alien-swirling-saucers,20.0,operating,False,queue_times
2026-03-04 14:30:20,2026-03-04,9,hs,Slinky Dog Dash,slinky-dog-dash,,closed,False,queue_times
2026-03-04 14:30:20,2026-03-04,9,ak,Festival of the Lion King,festival-of-the-lion-king,0.0,operating,False,queue_times
2026-03-04 14:30:20,2026-03-04,9,ak,Gorilla Falls Exploration Trail,gorilla-falls-exploration-trail,5.0,operating,False,queue_times
2026-03-04 14:30:20,2026-03-04,9,ak,Kilimanjaro Safaris,kilimanjaro-safaris,45.0,operating,False,queue_times
2026-03-04 14:30:20,2026-03-04,9,ak,Wildlife Express Train,wildlife-express-train,,closed,False,queue_times
2026-03-04 14:30:20,2026-03-04,9,ak,Expedition Everest - Legend of the Forbidden Mountain,expedition-everest-legend-of-the-forbidden-mountain,15.0,operating,False,queue_times
2026-03-04 14:30:20,2026-03-04,9,ak,Expedition Everest - Legend of the Forbidden Mountain Single Rider,expedition-everest-legend-of-the-forbidden-mountain-single-rider,0.0,operating,False,queue_times
2026-03-04 14:30:20,2026-03-04,9,ak,Feathered Friends in Flight!,feathered-friends-in-flight,0.0,operating,False,queue_times
2026-03-04 14:30:20,2026-03-04,9,ak,Kali River Rapids,kali-river-rapids,5.0,operating,False,queue_times
2026-03-04 14:30:20,2026-03-04,9,ak,DINOSAUR,dinosaur,,closed,False,queue_times
2026-03-04 14:30:20,2026-03-04,9,ak,Finding Nemo: The Big Blue... and Beyond!,finding-nemo-the-big-blue-and-beyond,0.0,operating,False,queue_times
2026-03-04 14:30:20,2026-03-04,9,ak,Discovery Island Trails,discovery-island-trails,0.0,operating,False,queue_times
2026-03-04 14:30:20,2026-03-04,9,ak,Meet Favorite Disney Pals at Adventurers Outpost,meet-favorite-disney-pals-at-adventurers-outpost,25.0,operating,False,queue_times
2026-03-04 14:30:20,2026-03-04,9,ak,Meet Moana at Character Landing,meet-moana-at-character-landing,0.0,operating,False,queue_times
2026-03-04 14:30:20,2026-03-04,9,ak,Tree of Life,tree-of-life,0.0,operating,False,queue_times
2026-03-04 14:30:20,2026-03-04,9,ak,Zootopia: Better Zoogether! - NEW!,zootopia-better-zoogether-new,10.0,operating,False,queue_times
2026-03-04 14:30:20,2026-03-04,9,ak,Avatar Flight of Passage,avatar-flight-of-passage,75.0,operating,False,queue_times
2026-03-04 14:30:20,2026-03-04,9,ak,Na'vi River Journey,navi-river-journey,35.0,operating,False,queue_times
2026-03-04 14:30:20,2026-03-04,9,ak,Affection Section,affection-section,,closed,False,queue_times
2026-03-04 14:30:20,2026-03-04,9,ak,Animal Care at Conservation Station,animal-care-at-conservation-station,,closed,False,queue_times
2026-03-04 14:30:20,2026-03-04,9,ak,The Oasis Exhibits,the-oasis-exhibits,0.0,operating,False,queue_times
2026-03-04 14:30:20,2026-03-04,9,ak,Wilderness Explorers,wilderness-explorers,0.0,operating,False,queue_times
2026-03-04 14:30:20,2026-03-04,9,usf,Illumination Theater,illumination-theater,,closed,False,themeparks_wiki
2026-03-04 14:30:20,2026-03-04,9,usf,El Artista: A Spanish Haunting,el-artista-a-spanish-haunting,,closed,False,themeparks_wiki
2026-03-04 14:30:20,2026-03-04,9,usf,Gálkn: Monsters of the North,g-lkn-monsters-of-the-north,,closed,False,themeparks_wiki
2026-03-04 14:30:20,2026-03-04,9,usf,Dolls: Let’s Play Dead,dolls-lets-play-dead,,closed,False,themeparks_wiki
2026-03-04 14:30:20,2026-03-04,9,usf,Grave of Flesh,grave-of-flesh,,closed,False,themeparks_wiki
2026-03-04 14:30:20,2026-03-04,9,usf,Hatchet and Chains: Demon Bounty Hunters,hatchet-and-chains-demon-bounty-hunters,,closed,False,themeparks_wiki
2026-03-04 14:30:20,2026-03-04,9,usf,JASON UN1V3RSE,jason-un1v3rse,,closed,False,themeparks_wiki
2026-03-04 14:30:20,2026-03-04,9,usf,WWE Presents: The Horrors of the Wyatt Sicks,wwe-presents-the-horrors-of-the-wyatt-sicks,,closed,False,themeparks_wiki
2026-03-04 14:30:20,2026-03-04,9,usf,Terrifier,terrifier,,closed,False,themeparks_wiki
2026-03-04 14:30:20,2026-03-04,9,usf,Hogwarts™ Express - First Train,hogwarts-express-first-train,,closed,False,themeparks_wiki
2026-03-04 14:30:20,2026-03-04,9,usf,MEN IN BLACK™ Alien Attack!™,men-in-black-alien-attack,,closed,False,themeparks_wiki
2026-03-04 14:30:20,2026-03-04,9,usf,Five Nights At Freddy’s,five-nights-at-freddys,,closed,False,themeparks_wiki
2026-03-04 14:30:20,2026-03-04,9,usf,Revenge of the Mummy™,revenge-of-the-mummy,,closed,False,themeparks_wiki
2026-03-04 14:30:20,2026-03-04,9,usf,Despicable Me Minion Mayhem™,despicable-me-minion-mayhem,,closed,False,themeparks_wiki
2026-03-04 14:30:20,2026-03-04,9,usf,Fallout,fallout,,closed,False,themeparks_wiki
2026-03-04 14:30:20,2026-03-04,9,usf,E.T. Adventure™,e-t-adventure,,closed,False,themeparks_wiki
2026-03-04 14:30:20,2026-03-04,9,usf,TRANSFORMERS™: The Ride-3D,transformers-the-ride-3d,,closed,False,themeparks_wiki
2026-03-04 14:30:20,2026-03-04,9,usf,Illumination's Villain-Con Minion Blast,illuminations-villain-con-minion-blast,,closed,False,themeparks_wiki
2026-03-04 14:30:20,2026-03-04,9,usf,Fast & Furious - Supercharged™,fast-furious-supercharged,,closed,False,themeparks_wiki
2026-03-04 14:30:20,2026-03-04,9,usf,Hollywood Rip Ride Rockit™,hollywood-rip-ride-rockit,,closed,False,themeparks_wiki
2026-03-04 14:30:20,2026-03-04,9,usf,Race Through New York Starring Jimmy Fallon™,race-through-new-york-starring-jimmy-fallon,,closed,False,themeparks_wiki
2026-03-04 14:30:20,2026-03-04,9,usf,Hogwarts™ Express - King's Cross Station,hogwarts-express-kings-cross-station,,closed,False,themeparks_wiki
2026-03-04 14:30:20,2026-03-04,9,usf,Kang & Kodos' Twirl 'n' Hurl,kang-kodos-twirl-n-hurl,,closed,False,themeparks_wiki
2026-03-04 14:30:20,2026-03-04,9,usf,The Simpsons Ride™,the-simpsons-ride,,closed,False,themeparks_wiki
2026-03-04 14:30:20,2026-03-04,9,usf,Trolls Trollercoaster,trolls-trollercoaster,,closed,False,themeparks_wiki
2026-03-04 14:30:20,2026-03-04,9,usf,Harry Potter and the Escape from Gringotts™,harry-potter-and-the-escape-from-gringotts,,closed,False,themeparks_wiki
2026-03-04 14:30:20,2026-03-04,9,ioa,Jurassic Park Discovery Center™,jurassic-park-discovery-center,,closed,False,themeparks_wiki
2026-03-04 14:30:20,2026-03-04,9,ioa,Pteranodon Flyers™,pteranodon-flyers,,closed,False,themeparks_wiki
2026-03-04 14:30:20,2026-03-04,9,ioa,Camp Jurassic™,camp-jurassic,,closed,False,themeparks_wiki
2026-03-04 14:30:20,2026-03-04,9,ioa,If I Ran The Zoo™,if-i-ran-the-zoo,,closed,False,themeparks_wiki
2026-03-04 14:30:20,2026-03-04,9,ioa,Jurassic Park River Adventure™,jurassic-park-river-adventure,,closed,False,themeparks_wiki
2026-03-04 14:30:20,2026-03-04,9,ioa,The Cat in The Hat™,the-cat-in-the-hat,5.0,operating,False,themeparks_wiki
2026-03-04 14:30:20,2026-03-04,9,ioa,Harry Potter and the Forbidden Journey™,harry-potter-and-the-forbidden-journey,10.0,operating,False,themeparks_wiki
2026-03-04 14:30:20,2026-03-04,9,ioa,The Incredible Hulk Coaster®,the-incredible-hulk-coaster,10.0,operating,False,themeparks_wiki
2026-03-04 14:30:20,2026-03-04,9,ioa,Skull Island: Reign of Kong™,skull-island-reign-of-kong,5.0,operating,False,themeparks_wiki
2026-03-04 14:30:20,2026-03-04,9,ioa,Popeye & Bluto's Bilge-Rat Barges®,popeye-blutos-bilge-rat-barges,,closed,False,themeparks_wiki
2026-03-04 14:30:20,2026-03-04,9,ioa,Flight of the Hippogriff™,flight-of-the-hippogriff,35.0,operating,False,themeparks_wiki
2026-03-04 14:30:20,2026-03-04,9,ioa,The Amazing Adventures of Spider-Man®,the-amazing-adventures-of-spider-man,5.0,operating,False,themeparks_wiki
2026-03-04 14:30:20,2026-03-04,9,ioa,Storm Force Accelatron®,storm-force-accelatron,5.0,operating,False,themeparks_wiki
2026-03-04 14:30:20,2026-03-04,9,ioa,The High in the Sky Seuss Trolley Train Ride!™,the-high-in-the-sky-seuss-trolley-train-ride,5.0,operating,False,themeparks_wiki
2026-03-04 14:30:20,2026-03-04,9,ioa,Caro-Seuss-el™,caro-seuss-el,5.0,operating,False,themeparks_wiki
2026-03-04 14:30:20,2026-03-04,9,ioa,Dudley Do-Right's Ripsaw Falls®,dudley-do-rights-ripsaw-falls,5.0,operating,False,themeparks_wiki
2026-03-04 14:30:20,2026-03-04,9,ioa,Doctor Doom's Fearfall®,doctor-dooms-fearfall,10.0,operating,False,themeparks_wiki
2026-03-04 14:30:20,2026-03-04,9,ioa,"One Fish, Two Fish, Red Fish, Blue Fish™",one-fish-two-fish-red-fish-blue-fish,5.0,operating,False,themeparks_wiki
2026-03-04 14:30:20,2026-03-04,9,ioa,Jurassic World VelociCoaster,jurassic-world-velocicoaster,10.0,operating,False,themeparks_wiki
2026-03-04 14:30:20,2026-03-04,9,ioa,Hogwarts™ Express - Hogsmeade™ Station,hogwarts-express-hogsmeade-station,,closed,False,themeparks_wiki
2026-03-04 14:30:20,2026-03-04,9,ioa,Hagrid's Magical Creatures Motorbike Adventure™,hagrids-magical-creatures-motorbike-adventure,90.0,operating,False,themeparks_wiki
2026-03-04 14:30:20,2026-03-04,9,vb,Krakatau™ Aqua Coaster,krakatau-aqua-coaster,,closed,False,themeparks_wiki
2026-03-04 14:30:20,2026-03-04,9,vb,Punga Racers™,punga-racers,,closed,False,themeparks_wiki
2026-03-04 14:30:20,2026-03-04,9,vb,Kala & Tai Nui Serpentine Body Slides™,kala-tai-nui-serpentine-body-slides,,closed,False,themeparks_wiki
2026-03-04 14:30:20,2026-03-04,9,vb,Tonga of Taniwha Tubes™,tonga-of-taniwha-tubes,,closed,False,themeparks_wiki
2026-03-04 14:30:20,2026-03-04,9,vb,Ko'okiri Body Plunge™,kookiri-body-plunge,,closed,False,themeparks_wiki
2026-03-04 14:30:20,2026-03-04,9,vb,ika Moana of Honu ika Moana™,ika-moana-of-honu-ika-moana,,closed,False,themeparks_wiki
2026-03-04 14:30:20,2026-03-04,9,vb,The Reef,the-reef,,closed,False,themeparks_wiki
2026-03-04 14:30:20,2026-03-04,9,vb,Puka Uli Lagoon™,puka-uli-lagoon,,closed,False,themeparks_wiki
2026-03-04 14:30:20,2026-03-04,9,vb,Maku of Maku Puihi Round Raft Rides™,maku-of-maku-puihi-round-raft-rides,,closed,False,themeparks_wiki
2026-03-04 14:30:20,2026-03-04,9,vb,Kopiko Wai Winding River™,kopiko-wai-winding-river,,closed,False,themeparks_wiki
2026-03-04 14:30:20,2026-03-04,9,vb,Ohyah of the Ohyah and Ohno Drop Slides™,ohyah-of-the-ohyah-and-ohno-drop-slides,,closed,False,themeparks_wiki
2026-03-04 14:30:20,2026-03-04,9,vb,TeAwa The Fearless River™,teawa-the-fearless-river,,closed,False,themeparks_wiki
2026-03-04 14:30:20,2026-03-04,9,vb,Runamukka Reef™,runamukka-reef,,closed,False,themeparks_wiki
2026-03-04 14:30:20,2026-03-04,9,vb,Raki of Taniwha Tubes™,raki-of-taniwha-tubes,,closed,False,themeparks_wiki
2026-03-04 14:30:20,2026-03-04,9,vb,Ohno of the Ohyah and Ohno Drop Slides™,ohno-of-the-ohyah-and-ohno-drop-slides,,closed,False,themeparks_wiki
2026-03-04 14:30:20,2026-03-04,9,vb,Waturi Beach,waturi-beach,,closed,False,themeparks_wiki
2026-03-04 14:30:20,2026-03-04,9,vb,Puihi of Maku Puihi Round Raft Rides™,puihi-of-maku-puihi-round-raft-rides,,closed,False,themeparks_wiki
2026-03-04 14:30:20,2026-03-04,9,vb,Honu of Honu ika Moana™,honu-of-honu-ika-moana,,closed,False,themeparks_wiki
2026-03-04 14:30:20,2026-03-04,9,vb,Tot Tiki Reef™,tot-tiki-reef,,closed,False,themeparks_wiki
2026-03-04 15:28:19,2026-03-04,10,mk,Swiss Family Treehouse,swiss-family-treehouse,5.0,operating,False,themeparks_wiki
2026-03-04 15:28:19,2026-03-04,10,mk,Astro Orbiter,astro-orbiter,25.0,operating,False,themeparks_wiki
2026-03-04 15:28:19,2026-03-04,10,mk,Peter Pan's Flight,peter-pans-flight,50.0,operating,False,themeparks_wiki
2026-03-04 15:28:19,2026-03-04,10,mk,The Barnstormer,the-barnstormer,15.0,operating,False,themeparks_wiki
2026-03-04 15:28:19,2026-03-04,10,mk,Haunted Mansion,haunted-mansion,25.0,operating,False,themeparks_wiki
2026-03-04 15:28:19,2026-03-04,10,mk,Jungle Cruise,jungle-cruise,40.0,operating,False,themeparks_wiki
2026-03-04 15:28:19,2026-03-04,10,mk,Mad Tea Party,mad-tea-party,10.0,operating,False,themeparks_wiki
2026-03-04 15:28:19,2026-03-04,10,mk,Tiana's Bayou Adventure,tianas-bayou-adventure,10.0,operating,False,themeparks_wiki
2026-03-04 15:28:19,2026-03-04,10,mk,Enchanted Tales with Belle,enchanted-tales-with-belle,,closed,False,themeparks_wiki
2026-03-04 15:28:19,2026-03-04,10,mk,Casey Jr. Splash 'N' Soak Station,casey-jr-splash-n-soak-station,,operating,False,themeparks_wiki
2026-03-04 15:28:19,2026-03-04,10,mk,The Many Adventures of Winnie the Pooh,the-many-adventures-of-winnie-the-pooh,40.0,operating,False,themeparks_wiki
2026-03-04 15:28:19,2026-03-04,10,mk,The Magic Carpets of Aladdin,the-magic-carpets-of-aladdin,20.0,operating,False,themeparks_wiki
2026-03-04 15:28:19,2026-03-04,10,mk,Big Thunder Mountain Railroad,big-thunder-mountain-railroad,,refurbishment,False,themeparks_wiki
2026-03-04 15:28:19,2026-03-04,10,mk,Cinderella Castle,cinderella-castle,,operating,False,themeparks_wiki
2026-03-04 15:28:19,2026-03-04,10,mk,Prince Charming Regal Carrousel,prince-charming-regal-carrousel,10.0,operating,False,themeparks_wiki
2026-03-04 15:28:19,2026-03-04,10,mk,Main Street Vehicles,main-street-vehicles,,operating,False,themeparks_wiki
2026-03-04 15:28:19,2026-03-04,10,mk,"""it's a small world""",its-a-small-world,15.0,operating,False,themeparks_wiki
2026-03-04 15:28:19,2026-03-04,10,mk,A Pirate's Adventure ~ Treasures of the Seven Seas,a-pirates-adventure-treasures-of-the-seven-seas,,closed,False,themeparks_wiki
2026-03-04 15:28:19,2026-03-04,10,mk,Walt Disney's Carousel of Progress,walt-disneys-carousel-of-progress,5.0,operating,False,themeparks_wiki
2026-03-04 15:28:19,2026-03-04,10,mk,Under the Sea - Journey of The Little Mermaid,under-the-sea-journey-of-the-little-mermaid,,down,False,themeparks_wiki
2026-03-04 15:28:19,2026-03-04,10,mk,Walt Disney World Railroad - Fantasyland,walt-disney-world-railroad-fantasyland,20.0,operating,False,themeparks_wiki
2026-03-04 15:28:19,2026-03-04,10,mk,TRON Lightcycle / Run,tron-lightcycle-run,55.0,operating,True,themeparks_wiki
2026-03-04 15:28:19,2026-03-04,10,mk,Buzz Lightyear's Space Ranger Spin,buzz-lightyears-space-ranger-spin,,refurbishment,False,themeparks_wiki
2026-03-04 15:28:19,2026-03-04,10,mk,Mickey's PhilharMagic,mickeys-philharmagic,15.0,operating,False,themeparks_wiki
2026-03-04 15:28:19,2026-03-04,10,mk,Seven Dwarfs Mine Train,seven-dwarfs-mine-train,50.0,operating,True,themeparks_wiki
2026-03-04 15:28:19,2026-03-04,10,mk,Country Bear Musical Jamboree,country-bear-musical-jamboree,10.0,operating,False,themeparks_wiki
2026-03-04 15:28:19,2026-03-04,10,mk,Pirates of the Caribbean,pirates-of-the-caribbean,25.0,operating,False,themeparks_wiki
2026-03-04 15:28:19,2026-03-04,10,mk,Dumbo the Flying Elephant,dumbo-the-flying-elephant,30.0,operating,False,themeparks_wiki
2026-03-04 15:28:19,2026-03-04,10,mk,Space Mountain,space-mountain,30.0,operating,False,themeparks_wiki
2026-03-04 15:28:19,2026-03-04,10,mk,Tomorrowland Transit Authority PeopleMover,tomorrowland-transit-authority-peoplemover,5.0,operating,False,themeparks_wiki
2026-03-04 15:28:19,2026-03-04,10,mk,Tomorrowland Speedway,tomorrowland-speedway,20.0,operating,False,themeparks_wiki
2026-03-04 15:28:19,2026-03-04,10,mk,"Walt Disney World Railroad - Main Street, U.S.A.",walt-disney-world-railroad-main-street-u-s-a,20.0,operating,False,themeparks_wiki
2026-03-04 15:28:19,2026-03-04,10,mk,Monsters Inc. Laugh Floor,monsters-inc-laugh-floor,10.0,operating,False,themeparks_wiki
2026-03-04 15:28:19,2026-03-04,10,mk,The Hall of Presidents,the-hall-of-presidents,15.0,operating,False,themeparks_wiki
2026-03-04 15:28:19,2026-03-04,10,mk,Walt Disney's Enchanted Tiki Room,walt-disneys-enchanted-tiki-room,10.0,operating,False,themeparks_wiki
2026-03-04 15:28:19,2026-03-04,10,epcot,American Heritage Gallery,american-heritage-gallery,0.0,operating,False,queue_times
2026-03-04 15:28:19,2026-03-04,10,epcot,Kidcot Fun Stops,kidcot-fun-stops,0.0,operating,False,queue_times
2026-03-04 15:28:19,2026-03-04,10,epcot,Palais du Cinéma,palais-du-cin-ma,0.0,operating,False,queue_times
2026-03-04 15:28:19,2026-03-04,10,epcot,"ImageWorks - The ""What If"" Labs",imageworks-the-what-if-labs,0.0,operating,False,queue_times
2026-03-04 15:28:19,2026-03-04,10,epcot,Bijutsu-kan Gallery,bijutsu-kan-gallery,0.0,operating,False,queue_times
2026-03-04 15:28:19,2026-03-04,10,epcot,Disney and Pixar Short Film Festival,disney-and-pixar-short-film-festival,0.0,operating,False,queue_times
2026-03-04 15:28:19,2026-03-04,10,epcot,Journey Into Imagination With Figment,journey-into-imagination-with-figment,10.0,operating,False,queue_times
2026-03-04 15:28:19,2026-03-04,10,epcot,Meet Beloved Disney Pals at Mickey & Friends,meet-beloved-disney-pals-at-mickey-friends,25.0,operating,False,queue_times
2026-03-04 15:28:19,2026-03-04,10,epcot,Project Tomorrow: Inventing the Wonders of the Future,project-tomorrow-inventing-the-wonders-of-the-future,0.0,operating,False,queue_times
2026-03-04 15:28:19,2026-03-04,10,epcot,Spaceship Earth,spaceship-earth,,closed,False,queue_times
2026-03-04 15:28:19,2026-03-04,10,epcot,Advanced Training Lab,advanced-training-lab,0.0,operating,False,queue_times
2026-03-04 15:28:19,2026-03-04,10,epcot,Guardians of the Galaxy: Cosmic Rewind,guardians-of-the-galaxy-cosmic-rewind,55.0,operating,False,queue_times
2026-03-04 15:28:19,2026-03-04,10,epcot,Mission: SPACE,mission-space,15.0,operating,False,queue_times
2026-03-04 15:28:19,2026-03-04,10,epcot,Test Track,test-track,70.0,operating,False,queue_times
2026-03-04 15:28:19,2026-03-04,10,epcot,Test Track Presented by Chevrolet Single Rider,test-track-presented-by-chevrolet-single-rider,0.0,operating,False,queue_times
2026-03-04 15:28:19,2026-03-04,10,epcot,Awesome Planet,awesome-planet,0.0,operating,False,queue_times
2026-03-04 15:28:19,2026-03-04,10,epcot,Bruce's Shark World,bruces-shark-world,0.0,operating,False,queue_times
2026-03-04 15:28:19,2026-03-04,10,epcot,"Journey of Water, Inspired by Moana",journey-of-water-inspired-by-moana,0.0,operating,False,queue_times
2026-03-04 15:28:19,2026-03-04,10,epcot,Living with the Land,living-with-the-land,30.0,operating,False,queue_times
2026-03-04 15:28:19,2026-03-04,10,epcot,SeaBase Aquarium,seabase-aquarium,0.0,operating,False,queue_times
2026-03-04 15:28:19,2026-03-04,10,epcot,Soarin' Around the World,soarin-around-the-world,20.0,operating,False,queue_times
2026-03-04 15:28:19,2026-03-04,10,epcot,The Seas with Nemo & Friends,the-seas-with-nemo-friends,15.0,operating,False,queue_times
2026-03-04 15:28:19,2026-03-04,10,epcot,Turtle Talk With Crush,turtle-talk-with-crush,15.0,operating,False,queue_times
2026-03-04 15:28:19,2026-03-04,10,epcot,Canada Far and Wide in Circle-Vision 360,canada-far-and-wide-in-circle-vision-360,0.0,operating,False,queue_times
2026-03-04 15:28:19,2026-03-04,10,epcot,Frozen Ever After,frozen-ever-after,50.0,operating,False,queue_times
2026-03-04 15:28:19,2026-03-04,10,epcot,Gallery of Arts and History,gallery-of-arts-and-history,0.0,operating,False,queue_times
2026-03-04 15:28:19,2026-03-04,10,epcot,Gran Fiesta Tour Starring The Three Caballeros,gran-fiesta-tour-starring-the-three-caballeros,5.0,operating,False,queue_times
2026-03-04 15:28:19,2026-03-04,10,epcot,House of the Whispering Willows,house-of-the-whispering-willows,0.0,operating,False,queue_times
2026-03-04 15:28:19,2026-03-04,10,epcot,Meet Anna and Elsa at Royal Sommerhus,meet-anna-and-elsa-at-royal-sommerhus,75.0,operating,False,queue_times
2026-03-04 15:28:19,2026-03-04,10,epcot,Mexico Folk Art Gallery,mexico-folk-art-gallery,0.0,operating,False,queue_times
2026-03-04 15:28:19,2026-03-04,10,epcot,Remy's Ratatouille Adventure,remys-ratatouille-adventure,55.0,operating,False,queue_times
2026-03-04 15:28:19,2026-03-04,10,epcot,Remy's Ratatouille Adventure Single Rider,remys-ratatouille-adventure-single-rider,0.0,operating,False,queue_times
2026-03-04 15:28:19,2026-03-04,10,epcot,Stave Church Gallery,stave-church-gallery,0.0,operating,False,queue_times
2026-03-04 15:28:19,2026-03-04,10,hs,Meet Ariel at Walt Disney Presents,meet-ariel-at-walt-disney-presents,0.0,operating,False,queue_times
2026-03-04 15:28:19,2026-03-04,10,hs,The Little Mermaid – A Musical Adventure – New!,the-little-mermaid-a-musical-adventure-new,0.0,operating,False,queue_times
2026-03-04 15:28:19,2026-03-04,10,hs,Walt Disney Presents,walt-disney-presents,0.0,operating,False,queue_times
2026-03-04 15:28:19,2026-03-04,10,hs,Meet Disney Stars at Red Carpet Dreams,meet-disney-stars-at-red-carpet-dreams,35.0,operating,False,queue_times
2026-03-04 15:28:19,2026-03-04,10,hs,For the First Time in Forever: A Frozen Sing-Along Celebration,for-the-first-time-in-forever-a-frozen-sing-along-celebration,0.0,operating,False,queue_times
2026-03-04 15:28:19,2026-03-04,10,hs,Indiana Jones™ Epic Stunt Spectacular!,indiana-jones-epic-stunt-spectacular,0.0,operating,False,queue_times
2026-03-04 15:28:19,2026-03-04,10,hs,Meet Olaf at Celebrity Spotlight,meet-olaf-at-celebrity-spotlight,20.0,operating,False,queue_times
2026-03-04 15:28:19,2026-03-04,10,hs,Star Tours – The Adventures Continue,star-tours-the-adventures-continue,5.0,operating,False,queue_times
2026-03-04 15:28:19,2026-03-04,10,hs,Vacation Fun - An Original Animated Short with Mickey & Minnie,vacation-fun-an-original-animated-short-with-mickey-minnie,10.0,operating,False,queue_times
2026-03-04 15:28:19,2026-03-04,10,hs,Mickey & Minnie's Runaway Railway,mickey-minnies-runaway-railway,50.0,operating,False,queue_times
2026-03-04 15:28:19,2026-03-04,10,hs,Meet Edna Mode at the Edna Mode Experience,meet-edna-mode-at-the-edna-mode-experience,0.0,operating,False,queue_times
2026-03-04 15:28:19,2026-03-04,10,hs,Toy Story Mania!,toy-story-mania,65.0,operating,False,queue_times
2026-03-04 15:28:19,2026-03-04,10,hs,Millennium Falcon: Smugglers Run,millennium-falcon-smugglers-run,30.0,operating,False,queue_times
2026-03-04 15:28:19,2026-03-04,10,hs,Millennium Falcon: Smugglers Run Single Rider,millennium-falcon-smugglers-run-single-rider,0.0,operating,False,queue_times
2026-03-04 15:28:19,2026-03-04,10,hs,Star Wars: Rise of the Resistance,star-wars-rise-of-the-resistance,50.0,operating,False,queue_times
2026-03-04 15:28:19,2026-03-04,10,hs,Star Wars: Rise of the Resistance Single Rider,star-wars-rise-of-the-resistance-single-rider,0.0,operating,False,queue_times
2026-03-04 15:28:19,2026-03-04,10,hs,Beauty and the Beast – Live on Stage,beauty-and-the-beast-live-on-stage,0.0,operating,False,queue_times
2026-03-04 15:28:19,2026-03-04,10,hs,Rock 'n' Roller Coaster Starring Aerosmith,rock-n-roller-coaster-starring-aerosmith,,closed,False,queue_times
2026-03-04 15:28:19,2026-03-04,10,hs,Rock 'n' Roller Coaster Starring Aerosmith Single Rider,rock-n-roller-coaster-starring-aerosmith-single-rider,,closed,False,queue_times
2026-03-04 15:28:19,2026-03-04,10,hs,The Twilight Zone Tower of Terror™,the-twilight-zone-tower-of-terror,40.0,operating,False,queue_times
2026-03-04 15:28:19,2026-03-04,10,hs,Alien Swirling Saucers,alien-swirling-saucers,25.0,operating,False,queue_times
2026-03-04 15:28:19,2026-03-04,10,hs,Slinky Dog Dash,slinky-dog-dash,95.0,operating,False,queue_times
2026-03-04 15:28:19,2026-03-04,10,ak,Festival of the Lion King,festival-of-the-lion-king,0.0,operating,False,queue_times
2026-03-04 15:28:19,2026-03-04,10,ak,Gorilla Falls Exploration Trail,gorilla-falls-exploration-trail,5.0,operating,False,queue_times
2026-03-04 15:28:19,2026-03-04,10,ak,Kilimanjaro Safaris,kilimanjaro-safaris,50.0,operating,False,queue_times
2026-03-04 15:28:19,2026-03-04,10,ak,Wildlife Express Train,wildlife-express-train,,closed,False,queue_times
2026-03-04 15:28:19,2026-03-04,10,ak,Expedition Everest - Legend of the Forbidden Mountain,expedition-everest-legend-of-the-forbidden-mountain,20.0,operating,False,queue_times
2026-03-04 15:28:19,2026-03-04,10,ak,Expedition Everest - Legend of the Forbidden Mountain Single Rider,expedition-everest-legend-of-the-forbidden-mountain-single-rider,0.0,operating,False,queue_times
2026-03-04 15:28:19,2026-03-04,10,ak,Feathered Friends in Flight!,feathered-friends-in-flight,0.0,operating,False,queue_times
2026-03-04 15:28:19,2026-03-04,10,ak,Kali River Rapids,kali-river-rapids,5.0,operating,False,queue_times
2026-03-04 15:28:19,2026-03-04,10,ak,DINOSAUR,dinosaur,,closed,False,queue_times
2026-03-04 15:28:19,2026-03-04,10,ak,Finding Nemo: The Big Blue... and Beyond!,finding-nemo-the-big-blue-and-beyond,0.0,operating,False,queue_times
2026-03-04 15:28:19,2026-03-04,10,ak,Discovery Island Trails,discovery-island-trails,0.0,operating,False,queue_times
2026-03-04 15:28:19,2026-03-04,10,ak,Meet Favorite Disney Pals at Adventurers Outpost,meet-favorite-disney-pals-at-adventurers-outpost,25.0,operating,False,queue_times
2026-03-04 15:28:19,2026-03-04,10,ak,Meet Moana at Character Landing,meet-moana-at-character-landing,0.0,operating,False,queue_times
2026-03-04 15:28:19,2026-03-04,10,ak,Tree of Life,tree-of-life,0.0,operating,False,queue_times
2026-03-04 15:28:19,2026-03-04,10,ak,Zootopia: Better Zoogether! - NEW!,zootopia-better-zoogether-new,10.0,operating,False,queue_times
2026-03-04 15:28:19,2026-03-04,10,ak,Avatar Flight of Passage,avatar-flight-of-passage,75.0,operating,False,queue_times
2026-03-04 15:28:19,2026-03-04,10,ak,Na'vi River Journey,navi-river-journey,40.0,operating,False,queue_times
2026-03-04 15:28:19,2026-03-04,10,ak,Affection Section,affection-section,,closed,False,queue_times
2026-03-04 15:28:19,2026-03-04,10,ak,Animal Care at Conservation Station,animal-care-at-conservation-station,,closed,False,queue_times
2026-03-04 15:28:19,2026-03-04,10,ak,The Oasis Exhibits,the-oasis-exhibits,0.0,operating,False,queue_times
2026-03-04 15:28:19,2026-03-04,10,ak,Wilderness Explorers,wilderness-explorers,0.0,operating,False,queue_times
2026-03-04 15:28:19,2026-03-04,10,usf,Illumination Theater,illumination-theater,,closed,False,themeparks_wiki
2026-03-04 15:28:19,2026-03-04,10,usf,El Artista: A Spanish Haunting,el-artista-a-spanish-haunting,,closed,False,themeparks_wiki
2026-03-04 15:28:19,2026-03-04,10,usf,Gálkn: Monsters of the North,g-lkn-monsters-of-the-north,,closed,False,themeparks_wiki
2026-03-04 15:28:19,2026-03-04,10,usf,Dolls: Let’s Play Dead,dolls-lets-play-dead,,closed,False,themeparks_wiki
2026-03-04 15:28:19,2026-03-04,10,usf,Grave of Flesh,grave-of-flesh,,closed,False,themeparks_wiki
2026-03-04 15:28:19,2026-03-04,10,usf,Hatchet and Chains: Demon Bounty Hunters,hatchet-and-chains-demon-bounty-hunters,,closed,False,themeparks_wiki
2026-03-04 15:28:19,2026-03-04,10,usf,JASON UN1V3RSE,jason-un1v3rse,,closed,False,themeparks_wiki
2026-03-04 15:28:19,2026-03-04,10,usf,WWE Presents: The Horrors of the Wyatt Sicks,wwe-presents-the-horrors-of-the-wyatt-sicks,,closed,False,themeparks_wiki
2026-03-04 15:28:19,2026-03-04,10,usf,Terrifier,terrifier,,closed,False,themeparks_wiki
2026-03-04 15:28:19,2026-03-04,10,usf,Hogwarts™ Express - First Train,hogwarts-express-first-train,,closed,False,themeparks_wiki
2026-03-04 15:28:19,2026-03-04,10,usf,MEN IN BLACK™ Alien Attack!™,men-in-black-alien-attack,,down,False,themeparks_wiki
2026-03-04 15:28:19,2026-03-04,10,usf,Five Nights At Freddy’s,five-nights-at-freddys,,closed,False,themeparks_wiki
2026-03-04 15:28:19,2026-03-04,10,usf,Revenge of the Mummy™,revenge-of-the-mummy,10.0,operating,False,themeparks_wiki
2026-03-04 15:28:19,2026-03-04,10,usf,Despicable Me Minion Mayhem™,despicable-me-minion-mayhem,25.0,operating,False,themeparks_wiki
2026-03-04 15:28:19,2026-03-04,10,usf,Fallout,fallout,,closed,False,themeparks_wiki
2026-03-04 15:28:19,2026-03-04,10,usf,E.T. Adventure™,e-t-adventure,10.0,operating,False,themeparks_wiki
2026-03-04 15:28:19,2026-03-04,10,usf,TRANSFORMERS™: The Ride-3D,transformers-the-ride-3d,5.0,operating,False,themeparks_wiki
2026-03-04 15:28:19,2026-03-04,10,usf,Illumination's Villain-Con Minion Blast,illuminations-villain-con-minion-blast,5.0,operating,False,themeparks_wiki
2026-03-04 15:28:19,2026-03-04,10,usf,Fast & Furious - Supercharged™,fast-furious-supercharged,10.0,operating,False,themeparks_wiki
2026-03-04 15:28:19,2026-03-04,10,usf,Hollywood Rip Ride Rockit™,hollywood-rip-ride-rockit,,closed,False,themeparks_wiki
2026-03-04 15:28:19,2026-03-04,10,usf,Race Through New York Starring Jimmy Fallon™,race-through-new-york-starring-jimmy-fallon,5.0,operating,False,themeparks_wiki
2026-03-04 15:28:19,2026-03-04,10,usf,Hogwarts™ Express - King's Cross Station,hogwarts-express-kings-cross-station,10.0,operating,False,themeparks_wiki
2026-03-04 15:28:19,2026-03-04,10,usf,Kang & Kodos' Twirl 'n' Hurl,kang-kodos-twirl-n-hurl,,closed,False,themeparks_wiki
2026-03-04 15:28:19,2026-03-04,10,usf,The Simpsons Ride™,the-simpsons-ride,10.0,operating,False,themeparks_wiki
2026-03-04 15:28:19,2026-03-04,10,usf,Trolls Trollercoaster,trolls-trollercoaster,5.0,operating,False,themeparks_wiki
2026-03-04 15:28:19,2026-03-04,10,usf,Harry Potter and the Escape from Gringotts™,harry-potter-and-the-escape-from-gringotts,15.0,operating,False,themeparks_wiki
2026-03-04 15:28:19,2026-03-04,10,ioa,Jurassic Park Discovery Center™,jurassic-park-discovery-center,,closed,False,themeparks_wiki
2026-03-04 15:28:19,2026-03-04,10,ioa,Pteranodon Flyers™,pteranodon-flyers,,closed,False,themeparks_wiki
2026-03-04 15:28:19,2026-03-04,10,ioa,Camp Jurassic™,camp-jurassic,,closed,False,themeparks_wiki
2026-03-04 15:28:19,2026-03-04,10,ioa,If I Ran The Zoo™,if-i-ran-the-zoo,,closed,False,themeparks_wiki
2026-03-04 15:28:19,2026-03-04,10,ioa,Jurassic Park River Adventure™,jurassic-park-river-adventure,,closed,False,themeparks_wiki
2026-03-04 15:28:19,2026-03-04,10,ioa,The Cat in The Hat™,the-cat-in-the-hat,5.0,operating,False,themeparks_wiki
2026-03-04 15:28:19,2026-03-04,10,ioa,Harry Potter and the Forbidden Journey™,harry-potter-and-the-forbidden-journey,10.0,operating,False,themeparks_wiki
2026-03-04 15:28:19,2026-03-04,10,ioa,The Incredible Hulk Coaster®,the-incredible-hulk-coaster,10.0,operating,False,themeparks_wiki
2026-03-04 15:28:19,2026-03-04,10,ioa,Skull Island: Reign of Kong™,skull-island-reign-of-kong,5.0,operating,False,themeparks_wiki
2026-03-04 15:28:19,2026-03-04,10,ioa,Popeye & Bluto's Bilge-Rat Barges®,popeye-blutos-bilge-rat-barges,5.0,operating,False,themeparks_wiki
2026-03-04 15:28:19,2026-03-04,10,ioa,Flight of the Hippogriff™,flight-of-the-hippogriff,50.0,operating,False,themeparks_wiki
2026-03-04 15:28:19,2026-03-04,10,ioa,The Amazing Adventures of Spider-Man®,the-amazing-adventures-of-spider-man,20.0,operating,False,themeparks_wiki
2026-03-04 15:28:19,2026-03-04,10,ioa,Storm Force Accelatron®,storm-force-accelatron,5.0,operating,False,themeparks_wiki
2026-03-04 15:28:19,2026-03-04,10,ioa,The High in the Sky Seuss Trolley Train Ride!™,the-high-in-the-sky-seuss-trolley-train-ride,5.0,operating,False,themeparks_wiki
2026-03-04 15:28:19,2026-03-04,10,ioa,Caro-Seuss-el™,caro-seuss-el,5.0,operating,False,themeparks_wiki
2026-03-04 15:28:19,2026-03-04,10,ioa,Dudley Do-Right's Ripsaw Falls®,dudley-do-rights-ripsaw-falls,5.0,operating,False,themeparks_wiki
2026-03-04 15:28:19,2026-03-04,10,ioa,Doctor Doom's Fearfall®,doctor-dooms-fearfall,30.0,operating,False,themeparks_wiki
2026-03-04 15:28:19,2026-03-04,10,ioa,"One Fish, Two Fish, Red Fish, Blue Fish™",one-fish-two-fish-red-fish-blue-fish,5.0,operating,False,themeparks_wiki
2026-03-04 15:28:19,2026-03-04,10,ioa,Jurassic World VelociCoaster,jurassic-world-velocicoaster,25.0,operating,False,themeparks_wiki
2026-03-04 15:28:19,2026-03-04,10,ioa,Hogwarts™ Express - Hogsmeade™ Station,hogwarts-express-hogsmeade-station,10.0,operating,False,themeparks_wiki
2026-03-04 15:28:19,2026-03-04,10,ioa,Hagrid's Magical Creatures Motorbike Adventure™,hagrids-magical-creatures-motorbike-adventure,75.0,operating,False,themeparks_wiki
2026-03-04 15:28:19,2026-03-04,10,vb,Krakatau™ Aqua Coaster,krakatau-aqua-coaster,,closed,False,themeparks_wiki
2026-03-04 15:28:19,2026-03-04,10,vb,Punga Racers™,punga-racers,,closed,False,themeparks_wiki
2026-03-04 15:28:19,2026-03-04,10,vb,Kala & Tai Nui Serpentine Body Slides™,kala-tai-nui-serpentine-body-slides,,closed,False,themeparks_wiki
2026-03-04 15:28:19,2026-03-04,10,vb,Tonga of Taniwha Tubes™,tonga-of-taniwha-tubes,,closed,False,themeparks_wiki
2026-03-04 15:28:19,2026-03-04,10,vb,Ko'okiri Body Plunge™,kookiri-body-plunge,,closed,False,themeparks_wiki
2026-03-04 15:28:19,2026-03-04,10,vb,ika Moana of Honu ika Moana™,ika-moana-of-honu-ika-moana,,closed,False,themeparks_wiki
2026-03-04 15:28:19,2026-03-04,10,vb,The Reef,the-reef,,closed,False,themeparks_wiki
2026-03-04 15:28:19,2026-03-04,10,vb,Puka Uli Lagoon™,puka-uli-lagoon,,closed,False,themeparks_wiki
2026-03-04 15:28:19,2026-03-04,10,vb,Maku of Maku Puihi Round Raft Rides™,maku-of-maku-puihi-round-raft-rides,,closed,False,themeparks_wiki
2026-03-04 15:28:19,2026-03-04,10,vb,Kopiko Wai Winding River™,kopiko-wai-winding-river,,closed,False,themeparks_wiki
2026-03-04 15:28:19,2026-03-04,10,vb,Ohyah of the Ohyah and Ohno Drop Slides™,ohyah-of-the-ohyah-and-ohno-drop-slides,,closed,False,themeparks_wiki
2026-03-04 15:28:19,2026-03-04,10,vb,TeAwa The Fearless River™,teawa-the-fearless-river,,closed,False,themeparks_wiki
2026-03-04 15:28:19,2026-03-04,10,vb,Runamukka Reef™,runamukka-reef,,closed,False,themeparks_wiki
2026-03-04 15:28:19,2026-03-04,10,vb,Raki of Taniwha Tubes™,raki-of-taniwha-tubes,,closed,False,themeparks_wiki
2026-03-04 15:28:19,2026-03-04,10,vb,Ohno of the Ohyah and Ohno Drop Slides™,ohno-of-the-ohyah-and-ohno-drop-slides,,closed,False,themeparks_wiki
2026-03-04 15:28:19,2026-03-04,10,vb,Waturi Beach,waturi-beach,,closed,False,themeparks_wiki
2026-03-04 15:28:19,2026-03-04,10,vb,Puihi of Maku Puihi Round Raft Rides™,puihi-of-maku-puihi-round-raft-rides,,closed,False,themeparks_wiki
2026-03-04 15:28:19,2026-03-04,10,vb,Honu of Honu ika Moana™,honu-of-honu-ika-moana,,closed,False,themeparks_wiki
2026-03-04 15:28:19,2026-03-04,10,vb,Tot Tiki Reef™,tot-tiki-reef,,closed,False,themeparks_wiki
